{
    "root_group": {
        "checks": {},
        "name": "",
        "path": "",
        "id": "d41d8cd98f00b204e9800998ecf8427e",
        "groups": {}
    },
    "metrics": {
        "http_req_connecting": {
            "avg": 0.002081409618551229,
            "min": 0,
            "med": 0,
            "max": 30.376104,
            "p(90)": 0,
            "p(95)": 0
        },
        "http_req_tls_handshaking": {
            "min": 0,
            "med": 0,
            "max": 0,
            "p(90)": 0,
            "p(95)": 0,
            "avg": 0
        },
        "vus": {
            "value": 2,
            "min": 0,
            "max": 349
        },
        "http_req_receiving": {
            "avg": 0.09485008234557536,
            "min": 0.007121,
            "med": 0.104345,
            "max": 5.103729,
            "p(90)": 0.1341688,
            "p(95)": 0.1449899
        },
        "iterations": {
            "rate": 152.86473143524682,
            "count": 73483
        },
        "data_received": {
            "count": 62680999,
            "rate": 130393.61591426554
        },
        "http_req_duration": {
            "p(95)": 0.7280827999999998,
            "avg": 0.5245683636079097,
            "min": 0.061301,
            "med": 0.575202,
            "max": 6.441627,
            "p(90)": 0.6968666,
            "thresholds": {
                "p(95)<500": false
            }
        },
        "http_req_duration{expected_response:true}": {
            "min": 0.061301,
            "med": 0.575202,
            "max": 6.441627,
            "p(90)": 0.6968666,
            "p(95)": 0.7280827999999998,
            "avg": 0.5245683636079097
        },
        "http_req_failed": {
            "passes": 0,
            "fails": 73483,
            "thresholds": {
                "rate<0.01": false
            },
            "value": 0
        },
        "http_req_blocked": {
            "avg": 0.013557562606317032,
            "min": 0.001195,
            "med": 0.011865,
            "max": 30.504623,
            "p(90)": 0.014923,
            "p(95)": 0.016216
        },
        "http_req_waiting": {
            "med": 0.431575,
            "max": 6.175959,
            "p(90)": 0.5433827999999999,
            "p(95)": 0.5762221999999999,
            "avg": 0.40029364250234756,
            "min": 0.042918
        },
        "http_reqs": {
            "count": 73483,
            "rate": 152.86473143524682
        },
        "iteration_duration": {
            "avg": 1001.4162587132619,
            "min": 1000.109975,
            "med": 1001.429996,
            "max": 1032.449036,
            "p(90)": 1001.9877912000001,
            "p(95)": 1002.1000039999999
        },
        "vus_max": {
            "min": 350,
            "max": 350,
            "value": 350
        },
        "data_sent": {
            "count": 6393021,
            "rate": 13299.231634866474
        },
        "http_req_sending": {
            "p(95)": 0.043972,
            "avg": 0.02942463875998564,
            "min": 0.003303,
            "med": 0.030782,
            "max": 1.261401,
            "p(90)": 0.0399508
        }
    }
}