{
    "root_group": {
        "id": "d41d8cd98f00b204e9800998ecf8427e",
        "groups": {},
        "checks": {},
        "name": "",
        "path": ""
    },
    "metrics": {
        "http_req_waiting": {
            "avg": 0.40652914789863737,
            "min": 0.042974,
            "med": 0.4359845,
            "max": 5.503217,
            "p(90)": 0.5522795,
            "p(95)": 0.587253
        },
        "vus_max": {
            "value": 350,
            "min": 350,
            "max": 350
        },
        "http_req_blocked": {
            "avg": 0.013535050669606311,
            "min": 0.001218,
            "med": 0.011727,
            "max": 28.806874,
            "p(90)": 0.014904,
            "p(95)": 0.01621925
        },
        "http_req_connecting": {
            "med": 0,
            "max": 28.674231,
            "p(90)": 0,
            "p(95)": 0,
            "avg": 0.0021011247890467635,
            "min": 0
        },
        "http_req_sending": {
            "p(95)": 0.0438315,
            "avg": 0.029265165972562592,
            "min": 0.003083,
            "med": 0.030512499999999998,
            "max": 1.238523,
            "p(90)": 0.0398195
        },
        "data_received": {
            "count": 62675028,
            "rate": 130392.5388188561
        },
        "http_req_receiving": {
            "min": 0.007128,
            "med": 0.105002,
            "max": 4.514635,
            "p(90)": 0.13453949999999998,
            "p(95)": 0.14452475,
            "avg": 0.09548616515596847
        },
        "iterations": {
            "count": 73476,
            "rate": 152.86346872081606
        },
        "http_req_duration{expected_response:true}": {
            "min": 0.059038,
            "med": 0.5804885,
            "max": 6.276455,
            "p(90)": 0.7064245,
            "p(95)": 0.74045625,
            "avg": 0.5312804790271631
        },
        "http_reqs": {
            "count": 73476,
            "rate": 152.86346872081606
        },
        "iteration_duration": {
            "med": 1001.441057,
            "max": 1030.685537,
            "p(90)": 1002.003372,
            "p(95)": 1002.12075025,
            "avg": 1001.4300484062608,
            "min": 1000.141355
        },
        "http_req_failed": {
            "fails": 73476,
            "passes": 0,
            "thresholds": {
                "rate<0.01": false
            },
            "value": 0
        },
        "vus": {
            "value": 2,
            "min": 0,
            "max": 349
        },
        "http_req_duration": {
            "max": 6.276455,
            "p(90)": 0.7064245,
            "p(95)": 0.74045625,
            "avg": 0.5312804790271631,
            "min": 0.059038,
            "med": 0.5804885,
            "thresholds": {
                "p(95)<500": false
            }
        },
        "data_sent": {
            "count": 6392412,
            "rate": 13299.121778710998
        },
        "http_req_tls_handshaking": {
            "min": 0,
            "med": 0,
            "max": 0,
            "p(90)": 0,
            "p(95)": 0,
            "avg": 0
        }
    }
}