{
    "metrics": {
        "iterations": {
            "count": 73482,
            "rate": 152.8779468728076
        },
        "http_reqs": {
            "count": 73482,
            "rate": 152.8779468728076
        },
        "http_req_duration{expected_response:true}": {
            "avg": 0.5121383697776335,
            "min": 0.06053,
            "med": 0.590343,
            "max": 5.597015,
            "p(90)": 0.7153592000000001,
            "p(95)": 0.7480398999999999
        },
        "http_req_blocked": {
            "med": 0.011682,
            "max": 35.718766,
            "p(90)": 0.014814,
            "p(95)": 0.016175899999999993,
            "avg": 0.012827955431261844,
            "min": 0.001155
        },
        "http_req_duration": {
            "min": 0.06053,
            "med": 0.590343,
            "max": 5.597015,
            "p(90)": 0.7153592000000001,
            "p(95)": 0.7480398999999999,
            "avg": 0.5121383697776335,
            "thresholds": {
                "p(95)<500": false
            }
        },
        "vus_max": {
            "value": 350,
            "min": 350,
            "max": 350
        },
        "http_req_waiting": {
            "med": 0.4442605,
            "max": 5.526308,
            "p(90)": 0.5585046,
            "p(95)": 0.59216325,
            "avg": 0.3940042850085718,
            "min": 0.042181
        },
        "http_req_failed": {
            "passes": 0,
            "fails": 73482,
            "thresholds": {
                "rate<0.01": false
            },
            "value": 0
        },
        "data_sent": {
            "count": 6392934,
            "rate": 13300.381377934262
        },
        "http_req_receiving": {
            "avg": 0.09076545728205647,
            "min": 0.00759,
            "med": 0.1046065,
            "max": 2.830044,
            "p(90)": 0.135315,
            "p(95)": 0.14594895
        },
        "vus": {
            "min": 0,
            "max": 349,
            "value": 2
        },
        "iteration_duration": {
            "avg": 1001.3822873004823,
            "min": 1000.129166,
            "med": 1001.3854065,
            "max": 1037.812032,
            "p(90)": 1001.9809286999999,
            "p(95)": 1002.10385145
        },
        "http_req_connecting": {
            "avg": 0.002094767113034483,
            "min": 0,
            "med": 0,
            "max": 35.666477,
            "p(90)": 0,
            "p(95)": 0
        },
        "http_req_tls_handshaking": {
            "min": 0,
            "med": 0,
            "max": 0,
            "p(90)": 0,
            "p(95)": 0,
            "avg": 0
        },
        "data_received": {
            "count": 62680146,
            "rate": 130404.8886825049
        },
        "http_req_sending": {
            "p(90)": 0.039505,
            "p(95)": 0.043525,
            "avg": 0.027368627487003472,
            "min": 0.003272,
            "med": 0.030079,
            "max": 0.786172
        }
    },
    "root_group": {
        "name": "",
        "path": "",
        "id": "d41d8cd98f00b204e9800998ecf8427e",
        "groups": {},
        "checks": {}
    }
}