{
    "metrics": {
        "http_reqs": {
            "count": 73483,
            "rate": 152.87139785177595
        },
        "http_req_waiting": {
            "max": 6.689518,
            "p(90)": 0.5646748,
            "p(95)": 0.598494,
            "avg": 0.4018659713675264,
            "min": 0.042529,
            "med": 0.449808
        },
        "vus_max": {
            "max": 350,
            "value": 350,
            "min": 350
        },
        "iterations": {
            "count": 73483,
            "rate": 152.87139785177595
        },
        "http_req_failed": {
            "passes": 0,
            "fails": 73483,
            "thresholds": {
                "rate<0.01": false
            },
            "value": 0
        },
        "http_req_receiving": {
            "max": 6.925758,
            "p(90)": 0.1366,
            "p(95)": 0.147278,
            "avg": 0.09261160256113567,
            "min": 0.007096,
            "med": 0.106008
        },
        "iteration_duration": {
            "med": 1001.406356,
            "max": 1021.241143,
            "p(90)": 1001.9892098,
            "p(95)": 1002.113184,
            "avg": 1001.4015425811748,
            "min": 1000.119854
        },
        "http_req_blocked": {
            "avg": 0.012728369677340355,
            "min": 0.001147,
            "med": 0.011586,
            "max": 19.887429,
            "p(90)": 0.014813,
            "p(95)": 0.016203
        },
        "vus": {
            "max": 349,
            "value": 2,
            "min": 0
        },
        "data_sent": {
            "rate": 13299.811613104508,
            "count": 6393021
        },
        "http_req_duration{expected_response:true}": {
            "p(95)": 0.7562068,
            "avg": 0.5220785805424402,
            "min": 0.064718,
            "med": 0.596626,
            "max": 7.817337,
            "p(90)": 0.722036
        },
        "http_req_tls_handshaking": {
            "min": 0,
            "med": 0,
            "max": 0,
            "p(90)": 0,
            "p(95)": 0,
            "avg": 0
        },
        "http_req_duration": {
            "max": 7.817337,
            "p(90)": 0.722036,
            "p(95)": 0.7562068,
            "avg": 0.5220785805424402,
            "min": 0.064718,
            "med": 0.596626,
            "thresholds": {
                "p(95)<500": false
            }
        },
        "http_req_connecting": {
            "avg": 0.0019209294666793662,
            "min": 0,
            "med": 0,
            "max": 19.789759,
            "p(90)": 0,
            "p(95)": 0
        },
        "http_req_sending": {
            "min": 0.003323,
            "med": 0.030013,
            "max": 1.240081,
            "p(90)": 0.039512,
            "p(95)": 0.04363,
            "avg": 0.027601006613774747
        },
        "data_received": {
            "count": 62680999,
            "rate": 130399.30236756489
        }
    },
    "root_group": {
        "name": "",
        "path": "",
        "id": "d41d8cd98f00b204e9800998ecf8427e",
        "groups": {},
        "checks": {}
    }
}