{
    "metrics": {
        "http_req_duration": {
            "p(95)": 0.7474826,
            "avg": 0.5073967756573023,
            "min": 0.056654,
            "med": 0.5863039999999999,
            "max": 7.244712,
            "p(90)": 0.7091433,
            "thresholds": {
                "p(95)<500": false
            }
        },
        "http_reqs": {
            "count": 46478,
            "rate": 119.00506039690292
        },
        "http_req_duration{expected_response:true}": {
            "avg": 0.5073967756573023,
            "min": 0.056654,
            "med": 0.5863039999999999,
            "max": 7.244712,
            "p(90)": 0.7091433,
            "p(95)": 0.7474826
        },
        "http_req_receiving": {
            "avg": 0.08910140150178637,
            "min": 0.007377,
            "med": 0.10363,
            "max": 4.406243,
            "p(90)": 0.13386130000000002,
            "p(95)": 0.1454263
        },
        "vus": {
            "value": 6,
            "min": 1,
            "max": 299
        },
        "http_req_connecting": {
            "avg": 0.0026706906493394705,
            "min": 0,
            "med": 0,
            "max": 21.225211,
            "p(90)": 0,
            "p(95)": 0
        },
        "iteration_duration": {
            "max": 1022.118477,
            "p(90)": 1001.9327126000001,
            "p(95)": 1002.0419063,
            "avg": 1001.350487767249,
            "min": 1000.135706,
            "med": 1001.3524600000001
        },
        "vus_max": {
            "value": 300,
            "min": 300,
            "max": 300
        },
        "http_req_waiting": {
            "avg": 0.39075934459314476,
            "min": 0.039959,
            "med": 0.44171499999999997,
            "max": 7.120818,
            "p(90)": 0.5534347000000001,
            "p(95)": 0.59631
        },
        "data_received": {
            "count": 39645734,
            "rate": 101511.31651855819
        },
        "http_req_failed": {
            "passes": 0,
            "fails": 46478,
            "thresholds": {
                "rate<0.01": false
            },
            "value": 0
        },
        "http_req_sending": {
            "avg": 0.027536029562373766,
            "min": 0.003084,
            "med": 0.0301225,
            "max": 0.922777,
            "p(90)": 0.0405303,
            "p(95)": 0.04377915
        },
        "http_req_tls_handshaking": {
            "avg": 0,
            "min": 0,
            "med": 0,
            "max": 0,
            "p(90)": 0,
            "p(95)": 0
        },
        "iterations": {
            "count": 46478,
            "rate": 119.00506039690292
        },
        "http_req_blocked": {
            "min": 0.001183,
            "med": 0.011725,
            "max": 21.262796,
            "p(90)": 0.014701,
            "p(95)": 0.016235,
            "avg": 0.013598211089117442
        },
        "data_sent": {
            "count": 4043586,
            "rate": 10353.440254530555
        }
    },
    "root_group": {
        "name": "",
        "path": "",
        "id": "d41d8cd98f00b204e9800998ecf8427e",
        "groups": {},
        "checks": {}
    }
}