{
    "metrics": {
        "http_req_connecting": {
            "p(90)": 0,
            "p(95)": 0,
            "avg": 0.0027962318251253254,
            "min": 0,
            "med": 0,
            "max": 29.821414
        },
        "http_reqs": {
            "rate": 119.0068232900675,
            "count": 46479
        },
        "http_req_duration": {
            "p(90)": 0.7112366000000001,
            "p(95)": 0.7425552999999999,
            "avg": 0.510596691365991,
            "min": 0.062753,
            "med": 0.588829,
            "max": 5.783697,
            "thresholds": {
                "p(95)<500": false
            }
        },
        "http_req_failed": {
            "passes": 0,
            "fails": 46479,
            "thresholds": {
                "rate<0.01": false
            },
            "value": 0
        },
        "http_req_waiting": {
            "min": 0.045158,
            "med": 0.444811,
            "max": 5.376223,
            "p(90)": 0.5547204000000001,
            "p(95)": 0.5874352,
            "avg": 0.39303493366896847
        },
        "data_sent": {
            "rate": 10353.593626235874,
            "count": 4043673
        },
        "http_req_blocked": {
            "p(90)": 0.014645,
            "p(95)": 0.016217,
            "avg": 0.013754452569977938,
            "min": 0.001166,
            "med": 0.011681,
            "max": 29.951576
        },
        "http_req_duration{expected_response:true}": {
            "min": 0.062753,
            "med": 0.588829,
            "max": 5.783697,
            "p(90)": 0.7112366000000001,
            "p(95)": 0.7425552999999999,
            "avg": 0.510596691365991
        },
        "vus_max": {
            "value": 300,
            "min": 300,
            "max": 300
        },
        "http_req_receiving": {
            "avg": 0.09002930781643267,
            "min": 0.007231,
            "med": 0.104559,
            "max": 1.961632,
            "p(90)": 0.13491160000000005,
            "p(95)": 0.146234
        },
        "vus": {
            "max": 299,
            "value": 6,
            "min": 1
        },
        "iteration_duration": {
            "max": 1031.115429,
            "p(90)": 1001.9484512,
            "p(95)": 1002.0599943999999,
            "avg": 1001.359291013476,
            "min": 1000.133294,
            "med": 1001.365834
        },
        "http_req_tls_handshaking": {
            "med": 0,
            "max": 0,
            "p(90)": 0,
            "p(95)": 0,
            "avg": 0,
            "min": 0
        },
        "http_req_sending": {
            "avg": 0.027532449880591416,
            "min": 0.003309,
            "med": 0.029933,
            "max": 1.066634,
            "p(90)": 0.04071520000000001,
            "p(95)": 0.043889
        },
        "data_received": {
            "count": 39646587,
            "rate": 101512.82026642757
        },
        "iterations": {
            "count": 46479,
            "rate": 119.0068232900675
        }
    },
    "root_group": {
        "name": "",
        "path": "",
        "id": "d41d8cd98f00b204e9800998ecf8427e",
        "groups": {},
        "checks": {}
    }
}