{
    "metrics": {
        "vus_max": {
            "value": 20,
            "min": 20,
            "max": 20
        },
        "http_req_connecting": {
            "med": 0,
            "max": 0.528973,
            "p(90)": 0,
            "p(95)": 0,
            "avg": 0.0016613944071588367,
            "min": 0
        },
        "data_sent": {
            "count": 388890,
            "rate": 924.5159218332
        },
        "http_req_tls_handshaking": {
            "avg": 0,
            "min": 0,
            "med": 0,
            "max": 0,
            "p(90)": 0,
            "p(95)": 0
        },
        "data_received": {
            "count": 3812910,
            "rate": 9064.506681881834
        },
        "http_req_duration": {
            "p(95)": 0.719756,
            "avg": 0.6165103326621936,
            "min": 0.093421,
            "med": 0.6632315,
            "max": 2.904115,
            "p(90)": 0.7044629,
            "thresholds": {
                "p(95)<500": false
            }
        },
        "iteration_duration": {
            "med": 1001.5022355,
            "max": 1004.170734,
            "p(90)": 1001.9793968,
            "p(95)": 1002.0428428499999,
            "avg": 1001.4828315948567,
            "min": 1000.242409
        },
        "http_reqs": {
            "count": 4470,
            "rate": 10.626619791186206
        },
        "vus": {
            "value": 1,
            "min": 1,
            "max": 20
        },
        "http_req_waiting": {
            "p(90)": 0.5403326,
            "p(95)": 0.55069255,
            "avg": 0.46964905861297396,
            "min": 0.068884,
            "med": 0.5097375,
            "max": 1.609253
        },
        "http_req_duration{expected_response:true}": {
            "avg": 0.6165103326621936,
            "min": 0.093421,
            "med": 0.6632315,
            "max": 2.904115,
            "p(90)": 0.7044629,
            "p(95)": 0.719756
        },
        "http_req_sending": {
            "p(90)": 0.043751599999999995,
            "p(95)": 0.04879390000000001,
            "avg": 0.03576310536912737,
            "min": 0.004933,
            "med": 0.0348725,
            "max": 0.648481
        },
        "http_req_receiving": {
            "avg": 0.11109816868008984,
            "min": 0.014902,
            "med": 0.11173949999999999,
            "max": 1.185403,
            "p(90)": 0.14421009999999998,
            "p(95)": 0.15403185000000003
        },
        "iterations": {
            "count": 4470,
            "rate": 10.626619791186206
        },
        "http_req_blocked": {
            "avg": 0.014690124384787506,
            "min": 0.002096,
            "med": 0.01289,
            "max": 0.681843,
            "p(90)": 0.015158099999999999,
            "p(95)": 0.016631050000000005
        },
        "http_req_failed": {
            "passes": 0,
            "fails": 4470,
            "thresholds": {
                "rate<0.01": false
            },
            "value": 0
        }
    },
    "root_group": {
        "name": "",
        "path": "",
        "id": "d41d8cd98f00b204e9800998ecf8427e",
        "groups": {},
        "checks": {}
    }
}