{
    "root_group": {
        "path": "",
        "id": "d41d8cd98f00b204e9800998ecf8427e",
        "groups": {},
        "checks": {},
        "name": ""
    },
    "metrics": {
        "http_req_blocked": {
            "med": 0.012851,
            "max": 1.318705,
            "p(90)": 0.014927699999999999,
            "p(95)": 0.01680995,
            "avg": 0.0145589434004474,
            "min": 0.00187
        },
        "data_received": {
            "rate": 9064.509128452975,
            "count": 3812910
        },
        "iterations": {
            "count": 4470,
            "rate": 10.626622659382152
        },
        "http_req_receiving": {
            "min": 0.015505,
            "med": 0.112605,
            "max": 1.122833,
            "p(90)": 0.1468932,
            "p(95)": 0.1559857,
            "avg": 0.10953953020134206
        },
        "http_req_tls_handshaking": {
            "p(95)": 0,
            "avg": 0,
            "min": 0,
            "med": 0,
            "max": 0,
            "p(90)": 0
        },
        "http_req_waiting": {
            "min": 0.071825,
            "med": 0.51854,
            "max": 2.024403,
            "p(90)": 0.5561633,
            "p(95)": 0.56531485,
            "avg": 0.46854202706935244
        },
        "http_req_duration{expected_response:true}": {
            "p(90)": 0.7198585,
            "p(95)": 0.73695095,
            "avg": 0.6121932565995511,
            "min": 0.093566,
            "med": 0.6745760000000001,
            "max": 2.469378
        },
        "data_sent": {
            "count": 388890,
            "rate": 924.5161713662472
        },
        "http_reqs": {
            "rate": 10.626622659382152,
            "count": 4470
        },
        "http_req_failed": {
            "passes": 0,
            "fails": 4470,
            "thresholds": {
                "rate<0.01": false
            },
            "value": 0
        },
        "http_req_duration": {
            "avg": 0.6121932565995511,
            "min": 0.093566,
            "med": 0.6745760000000001,
            "max": 2.469378,
            "p(90)": 0.7198585,
            "p(95)": 0.73695095,
            "thresholds": {
                "p(95)<500": false
            }
        },
        "vus": {
            "max": 20,
            "value": 1,
            "min": 1
        },
        "http_req_sending": {
            "p(90)": 0.0432067,
            "p(95)": 0.048145400000000005,
            "avg": 0.03411169932885918,
            "min": 0.004784,
            "med": 0.034297,
            "max": 0.366987
        },
        "iteration_duration": {
            "avg": 1001.4838372404927,
            "min": 1000.264609,
            "med": 1001.5078375,
            "max": 1004.274187,
            "p(90)": 1001.9793206999999,
            "p(95)": 1002.05341605
        },
        "http_req_connecting": {
            "avg": 0.0018568577181208056,
            "min": 0,
            "med": 0,
            "max": 1.066657,
            "p(90)": 0,
            "p(95)": 0
        },
        "vus_max": {
            "value": 20,
            "min": 20,
            "max": 20
        }
    }
}