{
    "root_group": {
        "checks": {},
        "name": "",
        "path": "",
        "id": "d41d8cd98f00b204e9800998ecf8427e",
        "groups": {}
    },
    "metrics": {
        "data_sent": {
            "count": 3925440,
            "rate": 18634.926481357823
        },
        "http_req_receiving": {
            "max": 2.097538,
            "p(90)": 0.132784,
            "p(95)": 0.14462925,
            "avg": 0.09250848763297918,
            "min": 0.006661,
            "med": 0.0992625
        },
        "vus": {
            "value": 6,
            "min": 1,
            "max": 300
        },
        "iteration_duration": {
            "avg": 1001.3785355789194,
            "min": 1000.107665,
            "med": 1001.35474,
            "max": 1026.972319,
            "p(90)": 1001.9977237999999,
            "p(95)": 1002.16656605
        },
        "http_req_duration": {
            "max": 12.385907,
            "p(90)": 0.7798731,
            "p(95)": 0.8715668999999995,
            "avg": 0.5422565237367015,
            "min": 0.057293,
            "med": 0.5733159999999999,
            "thresholds": {
                "p(95)<500": false
            }
        },
        "http_req_duration{expected_response:true}": {
            "min": 0.057293,
            "med": 0.5733159999999999,
            "max": 12.385907,
            "p(90)": 0.7798731,
            "p(95)": 0.8715668999999995,
            "avg": 0.5422565237367015
        },
        "data_received": {
            "count": 38487360,
            "rate": 182707.95734020945
        },
        "http_req_failed": {
            "passes": 0,
            "fails": 45120,
            "thresholds": {
                "rate<0.01": false
            },
            "value": 0
        },
        "http_req_waiting": {
            "p(90)": 0.6350424,
            "p(95)": 0.7228163,
            "avg": 0.421221934308509,
            "min": 0.03832,
            "med": 0.430592,
            "max": 12.209671
        },
        "http_req_connecting": {
            "p(95)": 0,
            "avg": 0.0031354378324468094,
            "min": 0,
            "med": 0,
            "max": 25.525816,
            "p(90)": 0
        },
        "http_req_sending": {
            "avg": 0.028526101795212682,
            "min": 0.003163,
            "med": 0.028674,
            "max": 2.046206,
            "p(90)": 0.038036,
            "p(95)": 0.042911
        },
        "vus_max": {
            "value": 300,
            "min": 300,
            "max": 300
        },
        "http_reqs": {
            "count": 45120,
            "rate": 214.19455725698646
        },
        "http_req_tls_handshaking": {
            "p(90)": 0,
            "p(95)": 0,
            "avg": 0,
            "min": 0,
            "med": 0,
            "max": 0
        },
        "iterations": {
            "rate": 214.19455725698646,
            "count": 45120
        },
        "http_req_blocked": {
            "avg": 0.014204041400709341,
            "min": 0.001119,
            "med": 0.011091,
            "max": 25.657385,
            "p(90)": 0.014779099999999998,
            "p(95)": 0.016003
        }
    }
}