{
    "root_group": {
        "id": "d41d8cd98f00b204e9800998ecf8427e",
        "groups": {},
        "checks": {},
        "name": "",
        "path": ""
    },
    "metrics": {
        "http_req_blocked": {
            "avg": 0.014108243816489157,
            "min": 0.001059,
            "med": 0.011253,
            "max": 23.627029,
            "p(90)": 0.014868099999999999,
            "p(95)": 0.016062049999999994
        },
        "vus": {
            "value": 6,
            "min": 1,
            "max": 300
        },
        "data_received": {
            "count": 38487360,
            "rate": 182710.9308683156
        },
        "http_req_failed": {
            "passes": 0,
            "fails": 45120,
            "thresholds": {
                "rate<0.01": false
            },
            "value": 0
        },
        "http_req_duration{expected_response:true}": {
            "avg": 0.5476011622783619,
            "min": 0.0556,
            "med": 0.5791735,
            "max": 4.046185,
            "p(90)": 0.778229,
            "p(95)": 0.86471005
        },
        "http_req_sending": {
            "min": 0.003228,
            "med": 0.029113,
            "max": 2.086295,
            "p(90)": 0.038565,
            "p(95)": 0.04311534999999997,
            "avg": 0.028905812034574103
        },
        "http_req_receiving": {
            "avg": 0.09439627311613454,
            "min": 0.006947,
            "med": 0.099817,
            "max": 3.487813,
            "p(90)": 0.13309339999999997,
            "p(95)": 0.14555739999999995
        },
        "data_sent": {
            "count": 3925440,
            "rate": 18635.22976030886
        },
        "http_req_tls_handshaking": {
            "avg": 0,
            "min": 0,
            "med": 0,
            "max": 0,
            "p(90)": 0,
            "p(95)": 0
        },
        "http_req_duration": {
            "avg": 0.5476011622783619,
            "min": 0.0556,
            "med": 0.5791735,
            "max": 4.046185,
            "p(90)": 0.778229,
            "p(95)": 0.86471005,
            "thresholds": {
                "p(95)<500": false
            }
        },
        "http_req_connecting": {
            "max": 23.535813,
            "p(90)": 0,
            "p(95)": 0,
            "avg": 0.0029001982047872333,
            "min": 0,
            "med": 0
        },
        "http_req_waiting": {
            "avg": 0.4242990771276629,
            "min": 0.040089,
            "med": 0.435686,
            "max": 3.490666,
            "p(90)": 0.6304166999999999,
            "p(95)": 0.7169392999999992
        },
        "vus_max": {
            "min": 300,
            "max": 300,
            "value": 300
        },
        "iterations": {
            "count": 45120,
            "rate": 214.1980432219409
        },
        "http_reqs": {
            "count": 45120,
            "rate": 214.1980432219409
        },
        "iteration_duration": {
            "med": 1001.3714795000001,
            "max": 1025.154334,
            "p(90)": 1002.0099373999999,
            "p(95)": 1002.1742962000001,
            "avg": 1001.3851874452342,
            "min": 1000.117521
        }
    }
}