{
    "root_group": {
        "name": "",
        "path": "",
        "id": "d41d8cd98f00b204e9800998ecf8427e",
        "groups": {},
        "checks": {}
    },
    "metrics": {
        "http_req_receiving": {
            "avg": 0.08795806732217364,
            "min": 0.006988,
            "med": 0.1021305,
            "max": 2.173974,
            "p(90)": 0.13200110000000004,
            "p(95)": 0.14364415
        },
        "iteration_duration": {
            "min": 1000.097111,
            "med": 1001.361455,
            "max": 1012.700289,
            "p(90)": 1001.9343463,
            "p(95)": 1002.04087145,
            "avg": 1001.3484315106672
        },
        "http_req_duration": {
            "p(90)": 0.7451904000000001,
            "p(95)": 0.8184677500000003,
            "avg": 0.5221362322604252,
            "min": 0.057219,
            "med": 0.595236,
            "max": 2.955283,
            "thresholds": {
                "p(95)<500": false
            }
        },
        "data_received": {
            "rate": 101507.04756169519,
            "count": 39645734
        },
        "http_req_blocked": {
            "p(90)": 0.014597,
            "p(95)": 0.01625015,
            "avg": 0.013282027475364716,
            "min": 0.001164,
            "med": 0.011605500000000001,
            "max": 12.258525
        },
        "http_req_tls_handshaking": {
            "p(95)": 0,
            "avg": 0,
            "min": 0,
            "med": 0,
            "max": 0,
            "p(90)": 0
        },
        "http_req_connecting": {
            "med": 0,
            "max": 12.220198,
            "p(90)": 0,
            "p(95)": 0,
            "avg": 0.002408938422479452,
            "min": 0
        },
        "http_req_sending": {
            "min": 0.003198,
            "med": 0.030081,
            "max": 0.866396,
            "p(90)": 0.040721600000000004,
            "p(95)": 0.044057450000000005,
            "avg": 0.02768049481475128
        },
        "http_reqs": {
            "count": 46478,
            "rate": 119.00005575814207
        },
        "vus": {
            "value": 6,
            "min": 1,
            "max": 299
        },
        "iterations": {
            "count": 46478,
            "rate": 119.00005575814207
        },
        "http_req_waiting": {
            "med": 0.4491265,
            "max": 2.046585,
            "p(90)": 0.5999032000000001,
            "p(95)": 0.68040845,
            "avg": 0.4064976701235016,
            "min": 0.038971
        },
        "vus_max": {
            "value": 300,
            "min": 300,
            "max": 300
        },
        "http_req_duration{expected_response:true}": {
            "avg": 0.5221362322604252,
            "min": 0.057219,
            "med": 0.595236,
            "max": 2.955283,
            "p(90)": 0.7451904000000001,
            "p(95)": 0.8184677500000003
        },
        "data_sent": {
            "count": 4043586,
            "rate": 10353.00485095836
        },
        "http_req_failed": {
            "passes": 0,
            "fails": 46478,
            "thresholds": {
                "rate<0.01": false
            },
            "value": 0
        }
    }
}