{
    "root_group": {
        "name": "",
        "path": "",
        "id": "d41d8cd98f00b204e9800998ecf8427e",
        "groups": {},
        "checks": {}
    },
    "metrics": {
        "http_reqs": {
            "count": 46476,
            "rate": 118.99948406807881
        },
        "http_req_waiting": {
            "avg": 0.4048224041225578,
            "min": 0.035568,
            "med": 0.445848,
            "max": 5.749638,
            "p(90)": 0.58462,
            "p(95)": 0.6558302500000001
        },
        "http_req_duration{expected_response:true}": {
            "p(95)": 0.793225,
            "avg": 0.5223237350245302,
            "min": 0.054239,
            "med": 0.5915064999999999,
            "max": 6.387256,
            "p(90)": 0.728852
        },
        "iterations": {
            "count": 46476,
            "rate": 118.99948406807881
        },
        "data_received": {
            "count": 39644028,
            "rate": 101506.55991007123
        },
        "vus_max": {
            "value": 300,
            "min": 300,
            "max": 300
        },
        "http_req_receiving": {
            "p(95)": 0.14434750000000002,
            "avg": 0.08922597813925495,
            "min": 0.006925,
            "med": 0.1025635,
            "max": 1.040798,
            "p(90)": 0.1330055
        },
        "data_sent": {
            "count": 4043412,
            "rate": 10352.955113922857
        },
        "http_req_connecting": {
            "avg": 0.0023858524614854978,
            "min": 0,
            "med": 0,
            "max": 14.281311,
            "p(90)": 0,
            "p(95)": 0
        },
        "http_req_duration": {
            "avg": 0.5223237350245302,
            "min": 0.054239,
            "med": 0.5915064999999999,
            "max": 6.387256,
            "p(90)": 0.728852,
            "p(95)": 0.793225,
            "thresholds": {
                "p(95)<500": false
            }
        },
        "http_req_failed": {
            "passes": 0,
            "fails": 46476,
            "thresholds": {
                "rate<0.01": false
            },
            "value": 0
        },
        "http_req_sending": {
            "max": 0.671218,
            "p(90)": 0.041156,
            "p(95)": 0.04413225,
            "avg": 0.028275352762716605,
            "min": 0.003193,
            "med": 0.0304785
        },
        "http_req_tls_handshaking": {
            "avg": 0,
            "min": 0,
            "med": 0,
            "max": 0,
            "p(90)": 0,
            "p(95)": 0
        },
        "vus": {
            "value": 6,
            "min": 1,
            "max": 299
        },
        "http_req_blocked": {
            "p(95)": 0.016257,
            "avg": 0.013456709979344044,
            "min": 0.001173,
            "med": 0.011768,
            "max": 14.398692,
            "p(90)": 0.0146925
        },
        "iteration_duration": {
            "avg": 1001.3532511775155,
            "min": 1000.09202,
            "med": 1001.359478,
            "max": 1015.962983,
            "p(90)": 1001.937042,
            "p(95)": 1002.04408325
        }
    }
}