{
    "metrics": {
        "iteration_duration": {
            "p(90)": 1001.9927572,
            "p(95)": 1002.110278,
            "avg": 1001.4154677325328,
            "min": 1000.12408,
            "med": 1001.4288395000001,
            "max": 1025.297813
        },
        "http_req_sending": {
            "p(90)": 0.0394436,
            "p(95)": 0.04344,
            "avg": 0.028381588012738358,
            "min": 0.003358,
            "med": 0.030135,
            "max": 0.997282
        },
        "http_req_blocked": {
            "p(95)": 0.01613,
            "avg": 0.013164707803696437,
            "min": 0.0012,
            "med": 0.011696,
            "max": 24.357201,
            "p(90)": 0.014857
        },
        "iterations": {
            "count": 73478,
            "rate": 152.87336736494294
        },
        "http_req_tls_handshaking": {
            "p(90)": 0,
            "p(95)": 0,
            "avg": 0,
            "min": 0,
            "med": 0,
            "max": 0
        },
        "http_reqs": {
            "count": 73478,
            "rate": 152.87336736494294
        },
        "http_req_waiting": {
            "min": 0.039744,
            "med": 0.4476835,
            "max": 6.407434,
            "p(90)": 0.5628422,
            "p(95)": 0.598259,
            "avg": 0.4085740868967654
        },
        "vus": {
            "value": 2,
            "min": 0,
            "max": 349
        },
        "data_sent": {
            "count": 6392586,
            "rate": 13299.982960750036
        },
        "vus_max": {
            "value": 350,
            "min": 350,
            "max": 350
        },
        "http_req_duration{expected_response:true}": {
            "avg": 0.5318205225781824,
            "min": 0.052255,
            "med": 0.594585,
            "max": 7.506725,
            "p(90)": 0.7185665999999999,
            "p(95)": 0.7534403499999999
        },
        "http_req_connecting": {
            "max": 24.31936,
            "p(90)": 0,
            "p(95)": 0,
            "avg": 0.0020337964833011227,
            "min": 0,
            "med": 0
        },
        "http_req_duration": {
            "max": 7.506725,
            "p(90)": 0.7185665999999999,
            "p(95)": 0.7534403499999999,
            "avg": 0.5318205225781824,
            "min": 0.052255,
            "med": 0.594585,
            "thresholds": {
                "p(95)<500": false
            }
        },
        "data_received": {
            "count": 62676734,
            "rate": 130400.98236229633
        },
        "http_req_receiving": {
            "p(90)": 0.1366745,
            "p(95)": 0.14700849999999993,
            "avg": 0.09486484766868979,
            "min": 0.006863,
            "med": 0.106684,
            "max": 3.145987
        },
        "http_req_failed": {
            "passes": 0,
            "fails": 73478,
            "thresholds": {
                "rate<0.01": false
            },
            "value": 0
        }
    },
    "root_group": {
        "name": "",
        "path": "",
        "id": "d41d8cd98f00b204e9800998ecf8427e",
        "groups": {},
        "checks": {}
    }
}