{
    "metrics": {
        "http_req_failed": {
            "passes": 0,
            "fails": 73480,
            "thresholds": {
                "rate<0.01": false
            },
            "value": 0
        },
        "http_req_connecting": {
            "max": 24.455512,
            "p(90)": 0,
            "p(95)": 0,
            "avg": 0.0019983219243331503,
            "min": 0,
            "med": 0
        },
        "data_received": {
            "rate": 130388.97757847764,
            "count": 62678440
        },
        "iteration_duration": {
            "min": 1000.132259,
            "med": 1001.4505725,
            "max": 1026.517939,
            "p(90)": 1002.0078813,
            "p(95)": 1002.1252266,
            "avg": 1001.4346975417951
        },
        "http_req_blocked": {
            "p(90)": 0.015039,
            "p(95)": 0.01627,
            "avg": 0.013419149904735847,
            "min": 0.001204,
            "med": 0.011855,
            "max": 24.529338
        },
        "vus": {
            "value": 2,
            "min": 0,
            "max": 349
        },
        "http_req_sending": {
            "p(95)": 0.043766250000000013,
            "avg": 0.029342188513881616,
            "min": 0.003298,
            "med": 0.030734,
            "max": 1.071103,
            "p(90)": 0.0400681
        },
        "http_req_duration{expected_response:true}": {
            "med": 0.5989965,
            "max": 5.412724,
            "p(90)": 0.7180062,
            "p(95)": 0.7544764500000001,
            "avg": 0.5418856342133958,
            "min": 0.059822
        },
        "data_sent": {
            "count": 6392760,
            "rate": 13298.75855724215
        },
        "http_reqs": {
            "count": 73480,
            "rate": 152.85929376140402
        },
        "http_req_waiting": {
            "min": 0.042044,
            "med": 0.4513875,
            "max": 4.976348,
            "p(90)": 0.5636125000000001,
            "p(95)": 0.5996564,
            "avg": 0.41584488599619035
        },
        "http_req_tls_handshaking": {
            "min": 0,
            "med": 0,
            "max": 0,
            "p(90)": 0,
            "p(95)": 0,
            "avg": 0
        },
        "iterations": {
            "count": 73480,
            "rate": 152.85929376140402
        },
        "http_req_receiving": {
            "p(90)": 0.13636220000000002,
            "p(95)": 0.146531,
            "avg": 0.09669855970332006,
            "min": 0.007093,
            "med": 0.10724500000000001,
            "max": 1.805543
        },
        "vus_max": {
            "min": 350,
            "max": 350,
            "value": 350
        },
        "http_req_duration": {
            "min": 0.059822,
            "med": 0.5989965,
            "max": 5.412724,
            "p(90)": 0.7180062,
            "p(95)": 0.7544764500000001,
            "avg": 0.5418856342133958,
            "thresholds": {
                "p(95)<500": false
            }
        }
    },
    "root_group": {
        "name": "",
        "path": "",
        "id": "d41d8cd98f00b204e9800998ecf8427e",
        "groups": {},
        "checks": {}
    }
}