{
    "root_group": {
        "name": "",
        "path": "",
        "id": "d41d8cd98f00b204e9800998ecf8427e",
        "groups": {},
        "checks": {}
    },
    "metrics": {
        "http_req_blocked": {
            "min": 0.001114,
            "med": 0.011162,
            "max": 29.143506,
            "p(90)": 0.014782,
            "p(95)": 0.016042099999999993,
            "avg": 0.014291867331560328
        },
        "http_req_waiting": {
            "avg": 0.41684741706559825,
            "min": 0.036993,
            "med": 0.4285785,
            "max": 5.790388,
            "p(90)": 0.6197031999999998,
            "p(95)": 0.6971173999999994
        },
        "vus": {
            "max": 300,
            "value": 6,
            "min": 1
        },
        "iterations": {
            "count": 45120,
            "rate": 214.20077056323717
        },
        "data_sent": {
            "count": 3925440,
            "rate": 18635.467039001633
        },
        "http_reqs": {
            "count": 45120,
            "rate": 214.20077056323717
        },
        "http_req_duration": {
            "p(90)": 0.7628448999999999,
            "p(95)": 0.8392830499999999,
            "avg": 0.5381082453679005,
            "min": 0.051677,
            "med": 0.571145,
            "max": 7.232856,
            "thresholds": {
                "p(95)<500": false
            }
        },
        "http_req_receiving": {
            "p(95)": 0.14360274999999995,
            "avg": 0.09246473049645444,
            "min": 0.007035,
            "med": 0.099096,
            "max": 2.497767,
            "p(90)": 0.1324405
        },
        "data_received": {
            "rate": 182713.2572904413,
            "count": 38487360
        },
        "http_req_connecting": {
            "max": 29.011566,
            "p(90)": 0,
            "p(95)": 0,
            "avg": 0.003163322850177309,
            "min": 0,
            "med": 0
        },
        "vus_max": {
            "value": 300,
            "min": 300,
            "max": 300
        },
        "http_req_duration{expected_response:true}": {
            "avg": 0.5381082453679005,
            "min": 0.051677,
            "med": 0.571145,
            "max": 7.232856,
            "p(90)": 0.7628448999999999,
            "p(95)": 0.8392830499999999
        },
        "iteration_duration": {
            "min": 1000.118773,
            "med": 1001.369693,
            "max": 1031.172195,
            "p(90)": 1001.9947444,
            "p(95)": 1002.150832,
            "avg": 1001.3848010900886
        },
        "http_req_failed": {
            "passes": 0,
            "fails": 45120,
            "thresholds": {
                "rate<0.01": false
            },
            "value": 0
        },
        "http_req_tls_handshaking": {
            "med": 0,
            "max": 0,
            "p(90)": 0,
            "p(95)": 0,
            "avg": 0,
            "min": 0
        },
        "http_req_sending": {
            "avg": 0.02879609780585096,
            "min": 0.002981,
            "med": 0.0288275,
            "max": 2.463165,
            "p(90)": 0.0382101,
            "p(95)": 0.04298444999999996
        }
    }
}