{
    "root_group": {
        "name": "",
        "path": "",
        "id": "d41d8cd98f00b204e9800998ecf8427e",
        "groups": {},
        "checks": {}
    },
    "metrics": {
        "http_req_connecting": {
            "max": 39.148733,
            "p(90)": 0,
            "p(95)": 0,
            "avg": 0.003255522828014184,
            "min": 0,
            "med": 0
        },
        "http_req_receiving": {
            "p(90)": 0.13187279999999998,
            "p(95)": 0.14289729999999998,
            "avg": 0.09251336874999995,
            "min": 0.007116,
            "med": 0.0991765,
            "max": 2.513342
        },
        "data_sent": {
            "count": 3925440,
            "rate": 18636.007001785623
        },
        "iteration_duration": {
            "min": 1000.127222,
            "med": 1001.3718735,
            "max": 1040.786329,
            "p(90)": 1002.0016868,
            "p(95)": 1002.1576446,
            "avg": 1001.3864285707751
        },
        "http_req_tls_handshaking": {
            "p(90)": 0,
            "p(95)": 0,
            "avg": 0,
            "min": 0,
            "med": 0,
            "max": 0
        },
        "http_req_sending": {
            "max": 3.641612,
            "p(90)": 0.038319099999999995,
            "p(95)": 0.043095299999999975,
            "avg": 0.02934114902482268,
            "min": 0.003101,
            "med": 0.029076
        },
        "http_req_failed": {
            "passes": 0,
            "fails": 45120,
            "thresholds": {
                "rate<0.01": false
            },
            "value": 0
        },
        "http_reqs": {
            "count": 45120,
            "rate": 214.20697703201864
        },
        "http_req_duration{expected_response:true}": {
            "min": 0.058308,
            "med": 0.5695515,
            "max": 5.66964,
            "p(90)": 0.7638592000000001,
            "p(95)": 0.84471725,
            "avg": 0.5402510976728659
        },
        "data_received": {
            "count": 38487360,
            "rate": 182718.5514083119
        },
        "http_req_waiting": {
            "med": 0.4273765,
            "max": 5.540788,
            "p(90)": 0.6205730999999999,
            "p(95)": 0.70042465,
            "avg": 0.4183965798980496,
            "min": 0.039763
        },
        "vus": {
            "value": 6,
            "min": 1,
            "max": 300
        },
        "iterations": {
            "rate": 214.20697703201864,
            "count": 45120
        },
        "http_req_duration": {
            "avg": 0.5402510976728659,
            "min": 0.058308,
            "med": 0.5695515,
            "max": 5.66964,
            "p(90)": 0.7638592000000001,
            "p(95)": 0.84471725,
            "thresholds": {
                "p(95)<500": false
            }
        },
        "vus_max": {
            "value": 300,
            "min": 300,
            "max": 300
        },
        "http_req_blocked": {
            "avg": 0.014429194038120487,
            "min": 0.001045,
            "med": 0.011245,
            "max": 39.289209,
            "p(90)": 0.014814,
            "p(95)": 0.016029
        }
    }
}