{
    "metrics": {
        "http_req_connecting": {
            "p(90)": 0,
            "p(95)": 0,
            "avg": 0.0032875387854609914,
            "min": 0,
            "med": 0,
            "max": 35.396474
        },
        "http_req_sending": {
            "p(95)": 0.043351049999999995,
            "avg": 0.028909270545212935,
            "min": 0.003125,
            "med": 0.028692,
            "max": 2.719991,
            "p(90)": 0.0381221
        },
        "vus_max": {
            "value": 300,
            "min": 300,
            "max": 300
        },
        "iteration_duration": {
            "p(90)": 1002.0210198,
            "p(95)": 1002.2035599000001,
            "avg": 1001.3817879673643,
            "min": 1000.11099,
            "med": 1001.3519155,
            "max": 1036.605782
        },
        "http_req_blocked": {
            "med": 0.011103,
            "max": 35.540567,
            "p(90)": 0.014782,
            "p(95)": 0.016013049999999994,
            "avg": 0.014353852260638336,
            "min": 0.001077
        },
        "http_req_receiving": {
            "p(95)": 0.14426254999999996,
            "avg": 0.09288857269503495,
            "min": 0.007282,
            "med": 0.098895,
            "max": 2.735813,
            "p(90)": 0.1316811
        },
        "data_received": {
            "count": 38487360,
            "rate": 182716.38549322326
        },
        "http_reqs": {
            "count": 45120,
            "rate": 214.20443785840945
        },
        "iterations": {
            "count": 45120,
            "rate": 214.20443785840945
        },
        "http_req_failed": {
            "passes": 0,
            "fails": 45120,
            "thresholds": {
                "rate<0.01": false
            },
            "value": 0
        },
        "http_req_tls_handshaking": {
            "p(90)": 0,
            "p(95)": 0,
            "avg": 0,
            "min": 0,
            "med": 0,
            "max": 0
        },
        "vus": {
            "value": 6,
            "min": 1,
            "max": 300
        },
        "http_req_duration{expected_response:true}": {
            "avg": 0.5488327800088633,
            "min": 0.053539,
            "med": 0.576074,
            "max": 6.837995,
            "p(90)": 0.7944563,
            "p(95)": 0.8991301499999995
        },
        "data_sent": {
            "count": 3925440,
            "rate": 18635.78609368162
        },
        "http_req_duration": {
            "p(90)": 0.7944563,
            "p(95)": 0.8991301499999995,
            "avg": 0.5488327800088633,
            "min": 0.053539,
            "med": 0.576074,
            "max": 6.837995,
            "thresholds": {
                "p(95)<500": false
            }
        },
        "http_req_waiting": {
            "avg": 0.42703493676861837,
            "min": 0.039075,
            "med": 0.43297,
            "max": 5.370482,
            "p(90)": 0.6492249999999999,
            "p(95)": 0.74771685
        }
    },
    "root_group": {
        "name": "",
        "path": "",
        "id": "d41d8cd98f00b204e9800998ecf8427e",
        "groups": {},
        "checks": {}
    }
}