{
    "root_group": {
        "checks": {},
        "name": "",
        "path": "",
        "id": "d41d8cd98f00b204e9800998ecf8427e",
        "groups": {}
    },
    "metrics": {
        "data_received": {
            "count": 38487360,
            "rate": 182705.8343864241
        },
        "http_req_blocked": {
            "p(95)": 0.016026049999999993,
            "avg": 0.014169155851063861,
            "min": 0.001096,
            "med": 0.011185,
            "max": 23.135199,
            "p(90)": 0.014818099999999999
        },
        "http_req_sending": {
            "avg": 0.028929274756205735,
            "min": 0.003026,
            "med": 0.028824,
            "max": 1.69787,
            "p(90)": 0.038258099999999996,
            "p(95)": 0.04324905
        },
        "http_req_failed": {
            "passes": 0,
            "fails": 45120,
            "thresholds": {
                "rate<0.01": false
            },
            "value": 0
        },
        "vus": {
            "min": 1,
            "max": 300,
            "value": 6
        },
        "data_sent": {
            "count": 3925440,
            "rate": 18634.709955004568
        },
        "http_req_duration{expected_response:true}": {
            "p(90)": 0.7765047,
            "p(95)": 0.8657169499999998,
            "avg": 0.540876765181738,
            "min": 0.051065,
            "med": 0.569632,
            "max": 5.526226
        },
        "http_req_tls_handshaking": {
            "min": 0,
            "med": 0,
            "max": 0,
            "p(90)": 0,
            "p(95)": 0,
            "avg": 0
        },
        "iteration_duration": {
            "med": 1001.3468745,
            "max": 1025.111046,
            "p(90)": 1002.0073208,
            "p(95)": 1002.1798243500001,
            "avg": 1001.375673862564,
            "min": 1000.111693
        },
        "http_reqs": {
            "count": 45120,
            "rate": 214.19206844832837
        },
        "iterations": {
            "count": 45120,
            "rate": 214.19206844832837
        },
        "vus_max": {
            "value": 300,
            "min": 300,
            "max": 300
        },
        "http_req_connecting": {
            "max": 23.012713,
            "p(90)": 0,
            "p(95)": 0,
            "avg": 0.0030506565381205673,
            "min": 0,
            "med": 0
        },
        "http_req_receiving": {
            "p(95)": 0.14212254999999996,
            "avg": 0.09250160068705607,
            "min": 0.006531,
            "med": 0.09856799999999999,
            "max": 2.460906,
            "p(90)": 0.13084389999999999
        },
        "http_req_waiting": {
            "avg": 0.41944588973847574,
            "min": 0.036411,
            "med": 0.42775450000000004,
            "max": 5.078302,
            "p(90)": 0.6336579,
            "p(95)": 0.7184492499999997
        },
        "http_req_duration": {
            "avg": 0.540876765181738,
            "min": 0.051065,
            "med": 0.569632,
            "max": 5.526226,
            "p(90)": 0.7765047,
            "p(95)": 0.8657169499999998,
            "thresholds": {
                "p(95)<500": false
            }
        }
    }
}