{
    "root_group": {
        "name": "",
        "path": "",
        "id": "d41d8cd98f00b204e9800998ecf8427e",
        "groups": {},
        "checks": {}
    },
    "metrics": {
        "http_req_receiving": {
            "min": 0.007137,
            "med": 0.1014115,
            "max": 2.834473,
            "p(90)": 0.13282049999999998,
            "p(95)": 0.14458705,
            "avg": 0.0880455586273665
        },
        "data_sent": {
            "count": 4043760,
            "rate": 10354.033781318942
        },
        "http_req_connecting": {
            "avg": 0.0024105150387263344,
            "min": 0,
            "med": 0,
            "max": 13.676816,
            "p(90)": 0,
            "p(95)": 0
        },
        "http_req_tls_handshaking": {
            "avg": 0,
            "min": 0,
            "med": 0,
            "max": 0,
            "p(90)": 0,
            "p(95)": 0
        },
        "vus_max": {
            "value": 300,
            "min": 300,
            "max": 300
        },
        "iterations": {
            "count": 46480,
            "rate": 119.01188254389588
        },
        "http_req_sending": {
            "min": 0.003185,
            "med": 0.030235,
            "max": 1.00284,
            "p(90)": 0.041075299999999995,
            "p(95)": 0.044275049999999996,
            "avg": 0.02791051088640291
        },
        "http_req_duration{expected_response:true}": {
            "p(95)": 0.8058242499999998,
            "avg": 0.5176738039156671,
            "min": 0.057908,
            "med": 0.5866445,
            "max": 4.124282,
            "p(90)": 0.735536
        },
        "data_received": {
            "count": 39647440,
            "rate": 101517.13580994318
        },
        "vus": {
            "value": 6,
            "min": 1,
            "max": 299
        },
        "http_req_duration": {
            "avg": 0.5176738039156671,
            "min": 0.057908,
            "med": 0.5866445,
            "max": 4.124282,
            "p(90)": 0.735536,
            "p(95)": 0.8058242499999998,
            "thresholds": {
                "p(95)<500": false
            }
        },
        "http_req_blocked": {
            "avg": 0.013369763339070534,
            "min": 0.001055,
            "med": 0.011695,
            "max": 13.707828,
            "p(90)": 0.014708099999999998,
            "p(95)": 0.016274
        },
        "iteration_duration": {
            "p(90)": 1001.9209199000001,
            "p(95)": 1002.03227055,
            "avg": 1001.340798823928,
            "min": 1000.130407,
            "med": 1001.3525305000001,
            "max": 1014.628933
        },
        "http_req_waiting": {
            "avg": 0.40171773440189457,
            "min": 0.039509,
            "med": 0.44193899999999997,
            "max": 4.029834,
            "p(90)": 0.5906421,
            "p(95)": 0.6662300999999997
        },
        "http_req_failed": {
            "passes": 0,
            "fails": 46480,
            "thresholds": {
                "rate<0.01": false
            },
            "value": 0
        },
        "http_reqs": {
            "count": 46480,
            "rate": 119.01188254389588
        }
    }
}