{
    "root_group": {
        "groups": {},
        "checks": {},
        "name": "",
        "path": "",
        "id": "d41d8cd98f00b204e9800998ecf8427e"
    },
    "metrics": {
        "http_req_failed": {
            "passes": 0,
            "fails": 46481,
            "thresholds": {
                "rate<0.01": false
            },
            "value": 0
        },
        "http_req_tls_handshaking": {
            "p(90)": 0,
            "p(95)": 0,
            "avg": 0,
            "min": 0,
            "med": 0,
            "max": 0
        },
        "http_req_receiving": {
            "min": 0.007197,
            "med": 0.102139,
            "max": 1.364419,
            "p(90)": 0.132314,
            "p(95)": 0.144062,
            "avg": 0.08803318170865473
        },
        "iterations": {
            "rate": 119.01089108550038,
            "count": 46481
        },
        "http_reqs": {
            "count": 46481,
            "rate": 119.01089108550038
        },
        "http_req_connecting": {
            "p(95)": 0,
            "avg": 0.002949007271788474,
            "min": 0,
            "med": 0,
            "max": 36.188396,
            "p(90)": 0
        },
        "data_received": {
            "rate": 101516.29009593182,
            "count": 39648293
        },
        "vus": {
            "value": 6,
            "min": 1,
            "max": 299
        },
        "http_req_duration": {
            "p(95)": 0.812455,
            "avg": 0.5228946302144964,
            "min": 0.054528,
            "med": 0.591475,
            "max": 5.866577,
            "p(90)": 0.742291,
            "thresholds": {
                "p(95)<500": false
            }
        },
        "http_req_duration{expected_response:true}": {
            "p(90)": 0.742291,
            "p(95)": 0.812455,
            "avg": 0.5228946302144964,
            "min": 0.054528,
            "med": 0.591475,
            "max": 5.866577
        },
        "vus_max": {
            "value": 300,
            "min": 300,
            "max": 300
        },
        "http_req_blocked": {
            "max": 36.253512,
            "p(90)": 0.014689,
            "p(95)": 0.016286,
            "avg": 0.013971281792560457,
            "min": 0.001152,
            "med": 0.011659
        },
        "http_req_waiting": {
            "max": 5.595125,
            "p(90)": 0.597017,
            "p(95)": 0.674039,
            "avg": 0.40697104649211824,
            "min": 0.040359,
            "med": 0.446442
        },
        "data_sent": {
            "count": 4043847,
            "rate": 10353.947524438532
        },
        "iteration_duration": {
            "avg": 1001.3487552476822,
            "min": 1000.123666,
            "med": 1001.354454,
            "max": 1037.98438,
            "p(90)": 1001.926547,
            "p(95)": 1002.039852
        },
        "http_req_sending": {
            "p(90)": 0.040824,
            "p(95)": 0.043982,
            "avg": 0.027890402013726143,
            "min": 0.003269,
            "med": 0.03013,
            "max": 1.264098
        }
    }
}