{
    "metrics": {
        "http_req_connecting": {
            "p(90)": 0,
            "p(95)": 0,
            "avg": 0.003023523249113473,
            "min": 0,
            "med": 0,
            "max": 27.011444
        },
        "http_req_waiting": {
            "p(90)": 0.6391477999999999,
            "p(95)": 0.7257827999999994,
            "avg": 0.42928925625000114,
            "min": 0.036881,
            "med": 0.433775,
            "max": 5.044351
        },
        "iterations": {
            "count": 45120,
            "rate": 214.17830565058878
        },
        "http_req_blocked": {
            "min": 0.001085,
            "med": 0.011294,
            "max": 27.120261,
            "p(90)": 0.014936,
            "p(95)": 0.016140049999999996,
            "avg": 0.014302988231383072
        },
        "http_reqs": {
            "count": 45120,
            "rate": 214.17830565058878
        },
        "http_req_tls_handshaking": {
            "med": 0,
            "max": 0,
            "p(90)": 0,
            "p(95)": 0,
            "avg": 0,
            "min": 0
        },
        "vus": {
            "value": 6,
            "min": 1,
            "max": 300
        },
        "http_req_duration": {
            "p(90)": 0.7813663999999999,
            "p(95)": 0.8705197499999998,
            "avg": 0.5528460734929038,
            "min": 0.053448,
            "med": 0.5770165,
            "max": 5.584405,
            "thresholds": {
                "p(95)<500": false
            }
        },
        "http_req_failed": {
            "passes": 0,
            "fails": 45120,
            "thresholds": {
                "rate<0.01": false
            },
            "value": 0
        },
        "http_req_duration{expected_response:true}": {
            "med": 0.5770165,
            "max": 5.584405,
            "p(90)": 0.7813663999999999,
            "p(95)": 0.8705197499999998,
            "avg": 0.5528460734929038,
            "min": 0.053448
        },
        "vus_max": {
            "max": 300,
            "value": 300,
            "min": 300
        },
        "data_sent": {
            "count": 3925440,
            "rate": 18633.512591601226
        },
        "data_received": {
            "count": 38487360,
            "rate": 182694.09471995223
        },
        "iteration_duration": {
            "min": 1000.103928,
            "med": 1001.3755985,
            "max": 1028.982073,
            "p(90)": 1002.0226944,
            "p(95)": 1002.1912651,
            "avg": 1001.3942638068266
        },
        "http_req_receiving": {
            "avg": 0.09389536236702077,
            "min": 0.007233,
            "med": 0.0995465,
            "max": 1.622316,
            "p(90)": 0.1319775,
            "p(95)": 0.1433411
        },
        "http_req_sending": {
            "max": 1.915556,
            "p(90)": 0.038628,
            "p(95)": 0.04348019999999998,
            "avg": 0.029661454875886763,
            "min": 0.003145,
            "med": 0.029193
        }
    },
    "root_group": {
        "groups": {},
        "checks": {},
        "name": "",
        "path": "",
        "id": "d41d8cd98f00b204e9800998ecf8427e"
    }
}