{
    "root_group": {
        "path": "",
        "id": "d41d8cd98f00b204e9800998ecf8427e",
        "groups": {},
        "checks": {},
        "name": ""
    },
    "metrics": {
        "http_req_waiting": {
            "max": 6.220885,
            "p(90)": 0.630718,
            "p(95)": 0.7104119499999999,
            "avg": 0.4273878245567366,
            "min": 0.037361,
            "med": 0.432211
        },
        "data_sent": {
            "count": 3925440,
            "rate": 18634.72576212229
        },
        "iteration_duration": {
            "p(90)": 1002.013774,
            "p(95)": 1002.1743486,
            "avg": 1001.3988812093988,
            "min": 1000.120683,
            "med": 1001.3837530000001,
            "max": 1026.759127
        },
        "http_req_duration{expected_response:true}": {
            "avg": 0.5512578164893576,
            "min": 0.056389,
            "med": 0.5741350000000001,
            "max": 6.29573,
            "p(90)": 0.7727511,
            "p(95)": 0.8536402
        },
        "http_req_sending": {
            "p(95)": 0.042730099999999986,
            "avg": 0.029169784197695014,
            "min": 0.003032,
            "med": 0.0287515,
            "max": 2.335782,
            "p(90)": 0.038058
        },
        "http_req_connecting": {
            "avg": 0.003048943639184396,
            "min": 0,
            "med": 0,
            "max": 25.559958,
            "p(90)": 0,
            "p(95)": 0
        },
        "data_received": {
            "count": 38487360,
            "rate": 182705.98936885418
        },
        "http_req_tls_handshaking": {
            "avg": 0,
            "min": 0,
            "med": 0,
            "max": 0,
            "p(90)": 0,
            "p(95)": 0
        },
        "http_req_blocked": {
            "med": 0.011122,
            "max": 25.683368,
            "p(90)": 0.014806,
            "p(95)": 0.015992,
            "avg": 0.014328303147163183,
            "min": 0.001091
        },
        "iterations": {
            "count": 45120,
            "rate": 214.19225013933666
        },
        "http_reqs": {
            "rate": 214.19225013933666,
            "count": 45120
        },
        "http_req_receiving": {
            "avg": 0.0947002077349282,
            "min": 0.006958,
            "med": 0.0995405,
            "max": 2.428526,
            "p(90)": 0.1316851,
            "p(95)": 0.14314469999999993
        },
        "vus": {
            "value": 6,
            "min": 1,
            "max": 300
        },
        "http_req_duration": {
            "avg": 0.5512578164893576,
            "min": 0.056389,
            "med": 0.5741350000000001,
            "max": 6.29573,
            "p(90)": 0.7727511,
            "p(95)": 0.8536402,
            "thresholds": {
                "p(95)<500": false
            }
        },
        "http_req_failed": {
            "fails": 45120,
            "passes": 0,
            "thresholds": {
                "rate<0.01": false
            },
            "value": 0
        },
        "vus_max": {
            "max": 300,
            "value": 300,
            "min": 300
        }
    }
}