{
    "root_group": {
        "name": "",
        "path": "",
        "id": "d41d8cd98f00b204e9800998ecf8427e",
        "groups": {},
        "checks": {}
    },
    "metrics": {
        "vus_max": {
            "value": 350,
            "min": 350,
            "max": 350
        },
        "http_req_duration": {
            "med": 0.581827,
            "max": 6.283096,
            "p(90)": 0.7039082,
            "p(95)": 0.7349032999999999,
            "avg": 0.5286272162114363,
            "min": 0.058936,
            "thresholds": {
                "p(95)<500": false
            }
        },
        "vus": {
            "value": 2,
            "min": 0,
            "max": 349
        },
        "iterations": {
            "count": 73479,
            "rate": 152.8715019426777
        },
        "http_req_waiting": {
            "max": 5.90624,
            "p(90)": 0.550183,
            "p(95)": 0.5833374,
            "avg": 0.40462820925706633,
            "min": 0.041808,
            "med": 0.438052
        },
        "data_sent": {
            "count": 6392673,
            "rate": 13299.82066901296
        },
        "data_received": {
            "count": 62677587,
            "rate": 130399.39115710407
        },
        "http_req_blocked": {
            "min": 0.001122,
            "med": 0.01183,
            "max": 42.611508,
            "p(90)": 0.014929199999999997,
            "p(95)": 0.016214,
            "avg": 0.013627377726969417
        },
        "http_req_failed": {
            "passes": 0,
            "fails": 73479,
            "thresholds": {
                "rate<0.01": false
            },
            "value": 0
        },
        "http_req_receiving": {
            "min": 0.006898,
            "med": 0.104557,
            "max": 1.938785,
            "p(90)": 0.1344332,
            "p(95)": 0.14486629999999998,
            "avg": 0.09476257545693245
        },
        "http_req_connecting": {
            "max": 42.497764,
            "p(90)": 0,
            "p(95)": 0,
            "avg": 0.0022589411940826653,
            "min": 0,
            "med": 0
        },
        "iteration_duration": {
            "p(90)": 1001.984991,
            "p(95)": 1002.1015864,
            "avg": 1001.4174469523249,
            "min": 1000.119574,
            "med": 1001.429819,
            "max": 1043.658931
        },
        "http_req_tls_handshaking": {
            "max": 0,
            "p(90)": 0,
            "p(95)": 0,
            "avg": 0,
            "min": 0,
            "med": 0
        },
        "http_reqs": {
            "count": 73479,
            "rate": 152.8715019426777
        },
        "http_req_duration{expected_response:true}": {
            "avg": 0.5286272162114363,
            "min": 0.058936,
            "med": 0.581827,
            "max": 6.283096,
            "p(90)": 0.7039082,
            "p(95)": 0.7349032999999999
        },
        "http_req_sending": {
            "p(95)": 0.04393609999999999,
            "avg": 0.0292364314974344,
            "min": 0.003125,
            "med": 0.03073,
            "max": 1.216313,
            "p(90)": 0.040078
        }
    }
}