{
    "metrics": {
        "http_req_connecting": {
            "min": 0,
            "med": 0,
            "max": 17.481382,
            "p(90)": 0,
            "p(95)": 0,
            "avg": 0.0019062608263697989
        },
        "vus": {
            "value": 2,
            "min": 0,
            "max": 349
        },
        "http_req_blocked": {
            "med": 0.011745,
            "max": 17.709718,
            "p(90)": 0.01488,
            "p(95)": 0.016224299999999987,
            "avg": 0.013186169125452517,
            "min": 0.001148
        },
        "http_req_waiting": {
            "min": 0.043604,
            "med": 0.438096,
            "max": 3.771837,
            "p(90)": 0.5513963000000001,
            "p(95)": 0.5830035,
            "avg": 0.4023596684721946
        },
        "iterations": {
            "count": 73478,
            "rate": 152.8650573117142
        },
        "http_reqs": {
            "count": 73478,
            "rate": 152.8650573117142
        },
        "http_req_failed": {
            "passes": 0,
            "fails": 73478,
            "thresholds": {
                "rate<0.01": false
            },
            "value": 0
        },
        "iteration_duration": {
            "med": 1001.4302265,
            "max": 1018.829875,
            "p(90)": 1001.9891274,
            "p(95)": 1002.10567565,
            "avg": 1001.416479424705,
            "min": 1000.131128
        },
        "http_req_duration": {
            "p(90)": 0.7060033,
            "p(95)": 0.73637915,
            "avg": 0.52487881531887,
            "min": 0.059121,
            "med": 0.5819635000000001,
            "max": 7.181568,
            "thresholds": {
                "p(95)<500": false
            }
        },
        "http_req_sending": {
            "avg": 0.02859780215846891,
            "min": 0.003227,
            "med": 0.030324,
            "max": 0.757663,
            "p(90)": 0.039495600000000006,
            "p(95)": 0.04341229999999999
        },
        "data_sent": {
            "count": 6392586,
            "rate": 13299.259986119136
        },
        "data_received": {
            "count": 62676734,
            "rate": 130393.89388689221
        },
        "vus_max": {
            "value": 350,
            "min": 350,
            "max": 350
        },
        "http_req_tls_handshaking": {
            "avg": 0,
            "min": 0,
            "med": 0,
            "max": 0,
            "p(90)": 0,
            "p(95)": 0
        },
        "http_req_receiving": {
            "med": 0.104497,
            "max": 6.157314,
            "p(90)": 0.1343783,
            "p(95)": 0.14506019999999994,
            "avg": 0.09392134468820586,
            "min": 0.007366
        },
        "http_req_duration{expected_response:true}": {
            "min": 0.059121,
            "med": 0.5819635000000001,
            "max": 7.181568,
            "p(90)": 0.7060033,
            "p(95)": 0.73637915,
            "avg": 0.52487881531887
        }
    },
    "root_group": {
        "name": "",
        "path": "",
        "id": "d41d8cd98f00b204e9800998ecf8427e",
        "groups": {},
        "checks": {}
    }
}