{
    "metrics": {
        "vus": {
            "value": 6,
            "min": 1,
            "max": 300
        },
        "http_req_blocked": {
            "avg": 0.0135801892065601,
            "min": 0.001128,
            "med": 0.011068,
            "max": 20.047091,
            "p(90)": 0.014742099999999998,
            "p(95)": 0.015966
        },
        "http_req_failed": {
            "passes": 0,
            "fails": 45120,
            "thresholds": {
                "rate<0.01": false
            },
            "value": 0
        },
        "vus_max": {
            "value": 300,
            "min": 300,
            "max": 300
        },
        "http_req_waiting": {
            "med": 0.4301915,
            "max": 4.095711,
            "p(90)": 0.6378759999999999,
            "p(95)": 0.7267328499999997,
            "avg": 0.4215502337765972,
            "min": 0.037164
        },
        "http_reqs": {
            "count": 45120,
            "rate": 214.19299423397484
        },
        "data_received": {
            "count": 38487360,
            "rate": 182706.62408158055
        },
        "http_req_duration": {
            "p(95)": 0.8764129999999999,
            "avg": 0.5426276820257092,
            "min": 0.053563,
            "med": 0.572129,
            "max": 5.103156,
            "p(90)": 0.7822279999999999,
            "thresholds": {
                "p(95)<500": false
            }
        },
        "http_req_duration{expected_response:true}": {
            "min": 0.053563,
            "med": 0.572129,
            "max": 5.103156,
            "p(90)": 0.7822279999999999,
            "p(95)": 0.8764129999999999,
            "avg": 0.5426276820257092
        },
        "http_req_sending": {
            "p(95)": 0.04281,
            "avg": 0.028654607734929127,
            "min": 0.003156,
            "med": 0.0286755,
            "max": 2.242786,
            "p(90)": 0.0379531
        },
        "iterations": {
            "count": 45120,
            "rate": 214.19299423397484
        },
        "data_sent": {
            "count": 3925440,
            "rate": 18634.79049835581
        },
        "iteration_duration": {
            "p(90)": 1002.0167243999999,
            "p(95)": 1002.1837624,
            "avg": 1001.378143803964,
            "min": 1000.12363,
            "med": 1001.358747,
            "max": 1021.634797
        },
        "http_req_connecting": {
            "med": 0,
            "max": 19.930303,
            "p(90)": 0,
            "p(95)": 0,
            "avg": 0.002695640536347517,
            "min": 0
        },
        "http_req_tls_handshaking": {
            "med": 0,
            "max": 0,
            "p(90)": 0,
            "p(95)": 0,
            "avg": 0,
            "min": 0
        },
        "http_req_receiving": {
            "p(95)": 0.1437671,
            "avg": 0.09242284051418448,
            "min": 0.006812,
            "med": 0.098833,
            "max": 3.691931,
            "p(90)": 0.1315281
        }
    },
    "root_group": {
        "name": "",
        "path": "",
        "id": "d41d8cd98f00b204e9800998ecf8427e",
        "groups": {},
        "checks": {}
    }
}