{
    "metrics": {
        "http_req_failed": {
            "passes": 0,
            "fails": 45120,
            "thresholds": {
                "rate<0.01": false
            },
            "value": 0
        },
        "http_req_tls_handshaking": {
            "avg": 0,
            "min": 0,
            "med": 0,
            "max": 0,
            "p(90)": 0,
            "p(95)": 0
        },
        "http_req_duration": {
            "p(90)": 0.7677253999999999,
            "p(95)": 0.8538081999999998,
            "avg": 0.545754138430854,
            "min": 0.055105,
            "med": 0.571714,
            "max": 5.920965,
            "thresholds": {
                "p(95)<500": false
            }
        },
        "vus": {
            "value": 6,
            "min": 1,
            "max": 300
        },
        "http_reqs": {
            "count": 45120,
            "rate": 214.21127122073514
        },
        "http_req_connecting": {
            "min": 0,
            "med": 0,
            "max": 22.320923,
            "p(90)": 0,
            "p(95)": 0,
            "avg": 0.0029471261524822664
        },
        "http_req_receiving": {
            "min": 0.007172,
            "med": 0.0990255,
            "max": 2.543939,
            "p(90)": 0.1317015,
            "p(95)": 0.14345405,
            "avg": 0.09339148131648982
        },
        "vus_max": {
            "max": 300,
            "value": 300,
            "min": 300
        },
        "iteration_duration": {
            "min": 1000.129179,
            "med": 1001.3781815,
            "max": 1023.893678,
            "p(90)": 1002.0052470999999,
            "p(95)": 1002.1640639999999,
            "avg": 1001.3948154756215
        },
        "http_req_waiting": {
            "avg": 0.4228812295877676,
            "min": 0.03928,
            "med": 0.43000550000000004,
            "max": 5.542586,
            "p(90)": 0.6232070000000001,
            "p(95)": 0.7073530999999995
        },
        "iterations": {
            "count": 45120,
            "rate": 214.21127122073514
        },
        "http_req_duration{expected_response:true}": {
            "avg": 0.545754138430854,
            "min": 0.055105,
            "med": 0.571714,
            "max": 5.920965,
            "p(90)": 0.7677253999999999,
            "p(95)": 0.8538081999999998
        },
        "http_req_blocked": {
            "avg": 0.01414865534131205,
            "min": 0.001198,
            "med": 0.011199,
            "max": 22.435509,
            "p(90)": 0.01477,
            "p(95)": 0.016008
        },
        "http_req_sending": {
            "p(95)": 0.04322,
            "avg": 0.02948142752659574,
            "min": 0.003075,
            "med": 0.029199,
            "max": 3.052029,
            "p(90)": 0.038356
        },
        "data_sent": {
            "count": 3925440,
            "rate": 18636.380596203955
        },
        "data_received": {
            "rate": 182722.21435128705,
            "count": 38487360
        }
    },
    "root_group": {
        "name": "",
        "path": "",
        "id": "d41d8cd98f00b204e9800998ecf8427e",
        "groups": {},
        "checks": {}
    }
}