{
    "root_group": {
        "name": "",
        "path": "",
        "id": "d41d8cd98f00b204e9800998ecf8427e",
        "groups": {},
        "checks": {}
    },
    "metrics": {
        "iterations": {
            "rate": 118.99736000548994,
            "count": 46476
        },
        "http_req_blocked": {
            "max": 19.45715,
            "p(90)": 0.014581,
            "p(95)": 0.01615725,
            "avg": 0.01349039592477837,
            "min": 0.001112,
            "med": 0.011667
        },
        "iteration_duration": {
            "avg": 1001.348521598591,
            "min": 1000.10898,
            "med": 1001.3500134999999,
            "max": 1020.64749,
            "p(90)": 1001.931967,
            "p(95)": 1002.040921
        },
        "http_req_duration{expected_response:true}": {
            "avg": 0.5216986341982958,
            "min": 0.056975,
            "med": 0.5914535000000001,
            "max": 6.65076,
            "p(90)": 0.7403215,
            "p(95)": 0.81215775
        },
        "data_sent": {
            "count": 4043412,
            "rate": 10352.770320477624
        },
        "vus_max": {
            "value": 300,
            "min": 300,
            "max": 300
        },
        "data_received": {
            "count": 39644028,
            "rate": 101504.74808468291
        },
        "http_req_tls_handshaking": {
            "avg": 0,
            "min": 0,
            "med": 0,
            "max": 0,
            "p(90)": 0,
            "p(95)": 0
        },
        "http_req_duration": {
            "max": 6.65076,
            "p(90)": 0.7403215,
            "p(95)": 0.81215775,
            "avg": 0.5216986341982958,
            "min": 0.056975,
            "med": 0.5914535000000001,
            "thresholds": {
                "p(95)<500": false
            }
        },
        "http_req_failed": {
            "fails": 46476,
            "passes": 0,
            "thresholds": {
                "rate<0.01": false
            },
            "value": 0
        },
        "http_req_receiving": {
            "p(90)": 0.13345649999999998,
            "p(95)": 0.14483374999999998,
            "avg": 0.08865071060332155,
            "min": 0.006991,
            "med": 0.1022035,
            "max": 5.244166
        },
        "http_req_waiting": {
            "max": 5.969824,
            "p(90)": 0.5952755000000001,
            "p(95)": 0.6717825,
            "avg": 0.4054621539504249,
            "min": 0.039964,
            "med": 0.4461325
        },
        "http_req_connecting": {
            "p(90)": 0,
            "p(95)": 0,
            "avg": 0.002582218327739046,
            "min": 0,
            "med": 0,
            "max": 19.388536
        },
        "vus": {
            "value": 6,
            "min": 1,
            "max": 299
        },
        "http_reqs": {
            "count": 46476,
            "rate": 118.99736000548994
        },
        "http_req_sending": {
            "p(90)": 0.040289,
            "p(95)": 0.04372825,
            "avg": 0.027585769644547706,
            "min": 0.003287,
            "med": 0.029906,
            "max": 0.554355
        }
    }
}