{
    "metrics": {
        "data_sent": {
            "count": 4043673,
            "rate": 10353.040394734515
        },
        "http_req_sending": {
            "med": 0.030416,
            "max": 1.122819,
            "p(90)": 0.04081860000000001,
            "p(95)": 0.0442852,
            "avg": 0.028388383441984244,
            "min": 0.003174
        },
        "http_req_tls_handshaking": {
            "p(90)": 0,
            "p(95)": 0,
            "avg": 0,
            "min": 0,
            "med": 0,
            "max": 0
        },
        "iteration_duration": {
            "p(90)": 1001.9382268,
            "p(95)": 1002.0451152,
            "avg": 1001.3632007131002,
            "min": 1000.133211,
            "med": 1001.368339,
            "max": 1028.137715
        },
        "iterations": {
            "count": 46479,
            "rate": 119.00046430729327
        },
        "vus": {
            "max": 299,
            "value": 6,
            "min": 1
        },
        "http_reqs": {
            "count": 46479,
            "rate": 119.00046430729327
        },
        "http_req_duration{expected_response:true}": {
            "p(90)": 0.7426504,
            "p(95)": 0.8209215,
            "avg": 0.5273230312183953,
            "min": 0.053168,
            "med": 0.594568,
            "max": 4.926509
        },
        "http_req_waiting": {
            "avg": 0.41002034381118535,
            "min": 0.038543,
            "med": 0.448222,
            "max": 4.829678,
            "p(90)": 0.5994234,
            "p(95)": 0.6819945
        },
        "vus_max": {
            "value": 300,
            "min": 300,
            "max": 300
        },
        "http_req_receiving": {
            "p(90)": 0.13149960000000002,
            "p(95)": 0.1432083,
            "avg": 0.08891430396523202,
            "min": 0.007001,
            "med": 0.102151,
            "max": 1.909835
        },
        "data_received": {
            "count": 39646587,
            "rate": 101507.39605412116
        },
        "http_req_blocked": {
            "avg": 0.013975317326104146,
            "min": 0.001147,
            "med": 0.011756,
            "max": 26.557147,
            "p(90)": 0.014709,
            "p(95)": 0.01625
        },
        "http_req_connecting": {
            "max": 26.499971,
            "p(90)": 0,
            "p(95)": 0,
            "avg": 0.002848237053292886,
            "min": 0,
            "med": 0
        },
        "http_req_duration": {
            "avg": 0.5273230312183953,
            "min": 0.053168,
            "med": 0.594568,
            "max": 4.926509,
            "p(90)": 0.7426504,
            "p(95)": 0.8209215,
            "thresholds": {
                "p(95)<500": false
            }
        },
        "http_req_failed": {
            "passes": 0,
            "fails": 46479,
            "thresholds": {
                "rate<0.01": false
            },
            "value": 0
        }
    },
    "root_group": {
        "name": "",
        "path": "",
        "id": "d41d8cd98f00b204e9800998ecf8427e",
        "groups": {},
        "checks": {}
    }
}