{
    "root_group": {
        "groups": {},
        "checks": {},
        "name": "",
        "path": "",
        "id": "d41d8cd98f00b204e9800998ecf8427e"
    },
    "metrics": {
        "http_req_receiving": {
            "p(90)": 0.131069,
            "p(95)": 0.14287625,
            "avg": 0.08776172187292305,
            "min": 0.006932,
            "med": 0.1003455,
            "max": 3.52524
        },
        "http_req_blocked": {
            "avg": 0.014241994453815925,
            "min": 0.001163,
            "med": 0.011429,
            "max": 21.791908,
            "p(90)": 0.014601,
            "p(95)": 0.016083
        },
        "vus": {
            "min": 1,
            "max": 300,
            "value": 1
        },
        "data_sent": {
            "rate": 11329.696118461183,
            "count": 3403962
        },
        "data_received": {
            "count": 33374478,
            "rate": 111083.11251778608
        },
        "http_req_failed": {
            "passes": 0,
            "fails": 39126,
            "thresholds": {
                "rate<0.01": false
            },
            "value": 0
        },
        "http_reqs": {
            "count": 39126,
            "rate": 130.22639216622048
        },
        "vus_max": {
            "value": 300,
            "min": 300,
            "max": 300
        },
        "http_req_connecting": {
            "avg": 0.0033047062822675467,
            "min": 0,
            "med": 0,
            "max": 21.645731,
            "p(90)": 0,
            "p(95)": 0
        },
        "http_req_duration{expected_response:true}": {
            "min": 0.059283,
            "med": 0.596328,
            "max": 4.068873,
            "p(90)": 0.7985365,
            "p(95)": 0.8775885,
            "avg": 0.5384475507079695
        },
        "http_req_duration": {
            "min": 0.059283,
            "med": 0.596328,
            "max": 4.068873,
            "p(90)": 0.7985365,
            "p(95)": 0.8775885,
            "avg": 0.5384475507079695,
            "thresholds": {
                "p(95)<500": false
            }
        },
        "iteration_duration": {
            "avg": 1001.3375975828376,
            "min": 1000.09985,
            "med": 1001.3287015000001,
            "max": 1023.425923,
            "p(90)": 1001.9273875,
            "p(95)": 1002.0501937500001
        },
        "http_req_tls_handshaking": {
            "min": 0,
            "med": 0,
            "max": 0,
            "p(90)": 0,
            "p(95)": 0,
            "avg": 0
        },
        "http_req_sending": {
            "max": 1.12915,
            "p(90)": 0.0389915,
            "p(95)": 0.0434685,
            "avg": 0.027663892143331856,
            "min": 0.003184,
            "med": 0.029569
        },
        "iterations": {
            "count": 39126,
            "rate": 130.22639216622048
        },
        "http_req_waiting": {
            "avg": 0.423021936691711,
            "min": 0.037864,
            "med": 0.4505295,
            "max": 3.320416,
            "p(90)": 0.6613175,
            "p(95)": 0.73615425
        }
    }
}