{
    "root_group": {
        "name": "",
        "path": "",
        "id": "d41d8cd98f00b204e9800998ecf8427e",
        "groups": {},
        "checks": {}
    },
    "metrics": {
        "http_req_blocked": {
            "p(95)": 0.01608825,
            "avg": 0.014364925957164227,
            "min": 0.001098,
            "med": 0.011456,
            "max": 32.816011,
            "p(90)": 0.014587
        },
        "http_req_duration{expected_response:true}": {
            "avg": 0.5274910912947917,
            "min": 0.052905,
            "med": 0.586587,
            "max": 21.784476,
            "p(90)": 0.782621,
            "p(95)": 0.86191275
        },
        "http_req_waiting": {
            "p(95)": 0.72216475,
            "avg": 0.4138150353217814,
            "min": 0.03697,
            "med": 0.4419735,
            "max": 20.98677,
            "p(90)": 0.645518
        },
        "http_reqs": {
            "count": 39126,
            "rate": 130.2306410271007
        },
        "http_req_connecting": {
            "p(95)": 0,
            "avg": 0.0034991549353371176,
            "min": 0,
            "med": 0,
            "max": 32.670066,
            "p(90)": 0
        },
        "data_received": {
            "count": 33374478,
            "rate": 111086.73679611688
        },
        "http_req_duration": {
            "min": 0.052905,
            "med": 0.586587,
            "max": 21.784476,
            "p(90)": 0.782621,
            "p(95)": 0.86191275,
            "avg": 0.5274910912947917,
            "thresholds": {
                "p(95)<500": false
            }
        },
        "iteration_duration": {
            "avg": 1001.3404343908948,
            "min": 1000.125896,
            "med": 1001.337045,
            "max": 1035.52244,
            "p(90)": 1001.9295185000001,
            "p(95)": 1002.05792625
        },
        "iterations": {
            "count": 39126,
            "rate": 130.2306410271007
        },
        "data_sent": {
            "count": 3403962,
            "rate": 11330.06576935776
        },
        "http_req_tls_handshaking": {
            "avg": 0,
            "min": 0,
            "med": 0,
            "max": 0,
            "p(90)": 0,
            "p(95)": 0
        },
        "http_req_failed": {
            "fails": 39126,
            "passes": 0,
            "thresholds": {
                "rate<0.01": false
            },
            "value": 0
        },
        "http_req_sending": {
            "avg": 0.027247256683535313,
            "min": 0.003313,
            "med": 0.029438,
            "max": 0.962924,
            "p(90)": 0.038776,
            "p(95)": 0.04323975
        },
        "vus_max": {
            "min": 300,
            "max": 300,
            "value": 300
        },
        "http_req_receiving": {
            "avg": 0.08642879928947501,
            "min": 0.007433,
            "med": 0.099401,
            "max": 1.799432,
            "p(90)": 0.130861,
            "p(95)": 0.141903
        },
        "vus": {
            "max": 300,
            "value": 1,
            "min": 1
        }
    }
}