{
    "metrics": {
        "iteration_duration": {
            "p(90)": 1002.001674,
            "p(95)": 1002.116586,
            "avg": 1001.426950503893,
            "min": 1000.157859,
            "med": 1001.440065,
            "max": 1018.921417
        },
        "iterations": {
            "count": 73481,
            "rate": 152.86149586119333
        },
        "http_req_receiving": {
            "avg": 0.0950108029286477,
            "min": 0.007163,
            "med": 0.104414,
            "max": 1.331777,
            "p(90)": 0.133768,
            "p(95)": 0.143845
        },
        "http_req_failed": {
            "passes": 0,
            "fails": 73481,
            "thresholds": {
                "rate<0.01": false
            },
            "value": 0
        },
        "http_req_waiting": {
            "avg": 0.40250376412950295,
            "min": 0.040495,
            "med": 0.432608,
            "max": 5.607204,
            "p(90)": 0.542904,
            "p(95)": 0.57464
        },
        "vus": {
            "value": 2,
            "min": 0,
            "max": 349
        },
        "http_req_blocked": {
            "avg": 0.013417949034444128,
            "min": 0.001163,
            "med": 0.011875,
            "max": 17.238045,
            "p(90)": 0.014948,
            "p(95)": 0.016208
        },
        "http_req_duration{expected_response:true}": {
            "min": 0.056924,
            "med": 0.575669,
            "max": 5.673491,
            "p(90)": 0.696765,
            "p(95)": 0.727374,
            "avg": 0.5271267049305295
        },
        "http_req_connecting": {
            "min": 0,
            "med": 0,
            "max": 17.113577,
            "p(90)": 0,
            "p(95)": 0,
            "avg": 0.0019210058382439002
        },
        "http_reqs": {
            "count": 73481,
            "rate": 152.86149586119333
        },
        "http_req_sending": {
            "min": 0.003072,
            "med": 0.030865,
            "max": 0.739239,
            "p(90)": 0.040018,
            "p(95)": 0.043958,
            "avg": 0.029612137872375453
        },
        "http_req_duration": {
            "med": 0.575669,
            "max": 5.673491,
            "p(90)": 0.696765,
            "p(95)": 0.727374,
            "avg": 0.5271267049305295,
            "min": 0.056924,
            "thresholds": {
                "p(95)<500": false
            }
        },
        "vus_max": {
            "value": 350,
            "min": 350,
            "max": 350
        },
        "data_sent": {
            "count": 6392847,
            "rate": 13298.950139923818
        },
        "http_req_tls_handshaking": {
            "p(95)": 0,
            "avg": 0,
            "min": 0,
            "med": 0,
            "max": 0,
            "p(90)": 0
        },
        "data_received": {
            "count": 62679293,
            "rate": 130390.8559695979
        }
    },
    "root_group": {
        "id": "d41d8cd98f00b204e9800998ecf8427e",
        "groups": {},
        "checks": {},
        "name": "",
        "path": ""
    }
}