{
    "root_group": {
        "name": "",
        "path": "",
        "id": "d41d8cd98f00b204e9800998ecf8427e",
        "groups": {},
        "checks": {}
    },
    "metrics": {
        "http_req_waiting": {
            "med": 0.433506,
            "max": 5.901616,
            "p(90)": 0.5473716,
            "p(95)": 0.5802973999999999,
            "avg": 0.40317820799140386,
            "min": 0.043337
        },
        "iteration_duration": {
            "min": 1000.119288,
            "med": 1001.434224,
            "max": 1020.200989,
            "p(90)": 1001.9969468,
            "p(95)": 1002.1136407,
            "avg": 1001.4232438667576
        },
        "vus": {
            "value": 2,
            "min": 0,
            "max": 349
        },
        "iterations": {
            "count": 73479,
            "rate": 152.87252481414046
        },
        "http_req_receiving": {
            "p(90)": 0.134489,
            "p(95)": 0.14467669999999994,
            "avg": 0.09526659250942453,
            "min": 0.006855,
            "med": 0.104841,
            "max": 1.616488
        },
        "http_req_duration{expected_response:true}": {
            "min": 0.060789,
            "med": 0.576856,
            "max": 6.20161,
            "p(90)": 0.70179,
            "p(95)": 0.7334887,
            "avg": 0.5275081862028606
        },
        "vus_max": {
            "min": 350,
            "max": 350,
            "value": 350
        },
        "http_req_blocked": {
            "p(90)": 0.014866,
            "p(95)": 0.016226,
            "avg": 0.013365168578777653,
            "min": 0.001191,
            "med": 0.011731,
            "max": 18.083733
        },
        "http_req_connecting": {
            "avg": 0.0019850074987411374,
            "min": 0,
            "med": 0,
            "max": 17.958396,
            "p(90)": 0,
            "p(95)": 0
        },
        "http_req_tls_handshaking": {
            "avg": 0,
            "min": 0,
            "med": 0,
            "max": 0,
            "p(90)": 0,
            "p(95)": 0
        },
        "data_sent": {
            "count": 6392673,
            "rate": 13299.909658830222
        },
        "http_reqs": {
            "count": 73479,
            "rate": 152.87252481414046
        },
        "http_req_sending": {
            "med": 0.030219,
            "max": 1.031423,
            "p(90)": 0.039166,
            "p(95)": 0.04340819999999999,
            "avg": 0.029063385702037703,
            "min": 0.003243
        },
        "http_req_duration": {
            "max": 6.20161,
            "p(90)": 0.70179,
            "p(95)": 0.7334887,
            "avg": 0.5275081862028606,
            "min": 0.060789,
            "med": 0.576856,
            "thresholds": {
                "p(95)<500": false
            }
        },
        "data_received": {
            "count": 62677587,
            "rate": 130400.26366646182
        },
        "http_req_failed": {
            "passes": 0,
            "fails": 73479,
            "thresholds": {
                "rate<0.01": false
            },
            "value": 0
        }
    }
}