{
    "metrics": {
        "http_req_duration{expected_response:true}": {
            "avg": 0.46446854384803,
            "min": 0.061337,
            "med": 0.5597645,
            "max": 4.615068,
            "p(90)": 0.6975614,
            "p(95)": 0.7210875499999999
        },
        "http_req_tls_handshaking": {
            "p(95)": 0,
            "avg": 0,
            "min": 0,
            "med": 0,
            "max": 0,
            "p(90)": 0
        },
        "http_req_blocked": {
            "p(95)": 0.016125,
            "avg": 0.014010911509113924,
            "min": 0.001111,
            "med": 0.011507,
            "max": 35.945209,
            "p(90)": 0.014478
        },
        "http_req_connecting": {
            "max": 35.825879,
            "p(90)": 0,
            "p(95)": 0,
            "avg": 0.0035776968259855885,
            "min": 0,
            "med": 0
        },
        "iteration_duration": {
            "avg": 1001.2728686359752,
            "min": 1000.112783,
            "med": 1001.2661575,
            "max": 1038.146547,
            "p(90)": 1001.8964933,
            "p(95)": 1002.00659765
        },
        "http_req_sending": {
            "p(90)": 0.040642100000000014,
            "p(95)": 0.0437614,
            "avg": 0.025765140048749476,
            "min": 0.003244,
            "med": 0.0293505,
            "max": 0.877273
        },
        "vus_max": {
            "value": 300,
            "min": 300,
            "max": 300
        },
        "http_req_receiving": {
            "med": 0.09940299999999999,
            "max": 1.203049,
            "p(90)": 0.1312435,
            "p(95)": 0.14367865,
            "avg": 0.08198849183976271,
            "min": 0.00725
        },
        "vus": {
            "value": 1,
            "min": 1,
            "max": 299
        },
        "data_received": {
            "count": 32195632,
            "rate": 133952.5304982875
        },
        "http_req_duration": {
            "p(95)": 0.7210875499999999,
            "avg": 0.46446854384803,
            "min": 0.061337,
            "med": 0.5597645,
            "max": 4.615068,
            "p(90)": 0.6975614,
            "thresholds": {
                "p(95)<500": false
            }
        },
        "http_reqs": {
            "count": 37744,
            "rate": 157.03696424183764
        },
        "http_req_waiting": {
            "p(95)": 0.5631978999999999,
            "avg": 0.35671491195951854,
            "min": 0.043279,
            "med": 0.419833,
            "max": 4.113521,
            "p(90)": 0.5409927
        },
        "http_req_failed": {
            "fails": 37744,
            "passes": 0,
            "thresholds": {
                "rate<0.01": false
            },
            "value": 0
        },
        "data_sent": {
            "count": 3283728,
            "rate": 13662.215889039873
        },
        "iterations": {
            "count": 37744,
            "rate": 157.03696424183764
        }
    },
    "root_group": {
        "groups": {},
        "checks": {},
        "name": "",
        "path": "",
        "id": "d41d8cd98f00b204e9800998ecf8427e"
    }
}