{
    "metrics": {
        "http_req_failed": {
            "passes": 0,
            "fails": 37748,
            "thresholds": {
                "rate<0.01": false
            },
            "value": 0
        },
        "data_received": {
            "rate": 133967.18804905377,
            "count": 32199044
        },
        "http_req_duration{expected_response:true}": {
            "p(90)": 0.6916402,
            "p(95)": 0.7176909,
            "avg": 0.4592251500211933,
            "min": 0.066591,
            "med": 0.5568565,
            "max": 5.688482
        },
        "http_req_duration": {
            "min": 0.066591,
            "med": 0.5568565,
            "max": 5.688482,
            "p(90)": 0.6916402,
            "p(95)": 0.7176909,
            "avg": 0.4592251500211933,
            "thresholds": {
                "p(95)<500": false
            }
        },
        "vus": {
            "value": 1,
            "min": 1,
            "max": 299
        },
        "iterations": {
            "count": 37748,
            "rate": 157.0541477714581
        },
        "http_req_blocked": {
            "avg": 0.013709338905372332,
            "min": 0.001202,
            "med": 0.0115,
            "max": 34.022524,
            "p(90)": 0.014457300000000003,
            "p(95)": 0.016122650000000002
        },
        "http_req_tls_handshaking": {
            "avg": 0,
            "min": 0,
            "med": 0,
            "max": 0,
            "p(90)": 0,
            "p(95)": 0
        },
        "vus_max": {
            "value": 300,
            "min": 300,
            "max": 300
        },
        "http_req_receiving": {
            "min": 0.007017,
            "med": 0.09804550000000001,
            "max": 0.840712,
            "p(90)": 0.129483,
            "p(95)": 0.14142765,
            "avg": 0.08040886266822098
        },
        "http_reqs": {
            "count": 37748,
            "rate": 157.0541477714581
        },
        "http_req_sending": {
            "med": 0.0294315,
            "max": 0.612987,
            "p(90)": 0.040562600000000004,
            "p(95)": 0.04369975000000002,
            "avg": 0.025655419677863844,
            "min": 0.00327
        },
        "iteration_duration": {
            "avg": 1001.2712494760867,
            "min": 1000.124504,
            "med": 1001.269121,
            "max": 1035.594749,
            "p(90)": 1001.8904406,
            "p(95)": 1002.0004822
        },
        "http_req_connecting": {
            "p(90)": 0,
            "p(95)": 0,
            "avg": 0.0033958014199427767,
            "min": 0,
            "med": 0,
            "max": 33.898186
        },
        "http_req_waiting": {
            "avg": 0.3531608676751072,
            "min": 0.043593,
            "med": 0.41736850000000003,
            "max": 5.605759,
            "p(90)": 0.5362546,
            "p(95)": 0.56385635
        },
        "data_sent": {
            "count": 3284076,
            "rate": 13663.710856116855
        }
    },
    "root_group": {
        "checks": {},
        "name": "",
        "path": "",
        "id": "d41d8cd98f00b204e9800998ecf8427e",
        "groups": {}
    }
}