{
    "root_group": {
        "name": "",
        "path": "",
        "id": "d41d8cd98f00b204e9800998ecf8427e",
        "groups": {},
        "checks": {}
    },
    "metrics": {
        "http_reqs": {
            "count": 302,
            "rate": 4.956520045985756
        },
        "http_req_duration": {
            "med": 7.666933,
            "max": 14.76712,
            "p(90)": 12.0349331,
            "p(95)": 12.12297225,
            "avg": 7.552297076158945,
            "min": 2.239312
        },
        "http_req_receiving": {
            "med": 0.051269,
            "max": 0.175514,
            "p(90)": 0.11391570000000004,
            "p(95)": 0.13072024999999998,
            "avg": 0.06115272185430463,
            "min": 0.022849
        },
        "data_sent": {
            "count": 29898,
            "rate": 490.69548455258985
        },
        "iterations": {
            "count": 302,
            "rate": 4.956520045985756
        },
        "iteration_duration": {
            "med": 1008.4388145,
            "max": 1015.631689,
            "p(90)": 1012.9376776,
            "p(95)": 1013.137177,
            "avg": 1008.3957722947016,
            "min": 1002.589942
        },
        "http_req_tls_handshaking": {
            "med": 0,
            "max": 0,
            "p(90)": 0,
            "p(95)": 0,
            "avg": 0,
            "min": 0
        },
        "http_req_blocked": {
            "med": 0.012913500000000001,
            "max": 0.572707,
            "p(90)": 0.016513100000000006,
            "p(95)": 0.034332349999999894,
            "avg": 0.0280290463576159,
            "min": 0.003158
        },
        "http_req_connecting": {
            "p(90)": 0,
            "p(95)": 0,
            "avg": 0.009902937086092717,
            "min": 0,
            "med": 0,
            "max": 0.416009
        },
        "http_req_waiting": {
            "max": 14.582758,
            "p(90)": 11.880887099999999,
            "p(95)": 11.96463855,
            "avg": 7.450489341059605,
            "min": 2.17862,
            "med": 7.5764885
        },
        "http_req_duration{expected_response:true}": {
            "avg": 7.552297076158945,
            "min": 2.239312,
            "med": 7.666933,
            "max": 14.76712,
            "p(90)": 12.0349331,
            "p(95)": 12.12297225
        },
        "data_received": {
            "count": 60755,
            "rate": 997.1303820988894
        },
        "http_req_sending": {
            "p(90)": 0.05058530000000001,
            "p(95)": 0.07108719999999992,
            "avg": 0.04065501324503311,
            "min": 0.008827,
            "med": 0.039518,
            "max": 0.693012
        },
        "vus_max": {
            "value": 10,
            "min": 10,
            "max": 10
        },
        "http_req_failed": {
            "passes": 0,
            "fails": 302,
            "value": 0
        },
        "vus": {
            "value": 1,
            "min": 1,
            "max": 9
        }
    }
}