{
    "root_group": {
        "name": "",
        "path": "",
        "id": "d41d8cd98f00b204e9800998ecf8427e",
        "groups": {},
        "checks": {}
    },
    "metrics": {
        "http_req_waiting": {
            "p(90)": 11.840236200000001,
            "p(95)": 11.93021555,
            "avg": 7.52998824172185,
            "min": 2.085406,
            "med": 7.5303070000000005,
            "max": 17.153534
        },
        "http_req_sending": {
            "p(95)": 0.050987599999999994,
            "avg": 0.042004307947019856,
            "min": 0.005559,
            "med": 0.039233,
            "max": 0.869707,
            "p(90)": 0.04684760000000002
        },
        "data_received": {
            "count": 60763,
            "rate": 996.5227858257241
        },
        "vus": {
            "value": 9,
            "min": 1,
            "max": 9
        },
        "iterations": {
            "count": 302,
            "rate": 4.952847642798556
        },
        "http_req_connecting": {
            "p(90)": 0,
            "p(95)": 0,
            "avg": 0.01110353311258278,
            "min": 0,
            "med": 0,
            "max": 0.774849
        },
        "http_req_failed": {
            "passes": 0,
            "fails": 302,
            "value": 0
        },
        "http_req_duration{expected_response:true}": {
            "med": 7.6244565,
            "max": 17.250966,
            "p(90)": 11.994161100000001,
            "p(95)": 12.08823435,
            "avg": 7.631665149006625,
            "min": 2.11151
        },
        "http_req_receiving": {
            "p(90)": 0.11668200000000002,
            "p(95)": 0.12588364999999999,
            "avg": 0.059672599337748336,
            "min": 0.015782,
            "med": 0.047945,
            "max": 0.208833
        },
        "http_req_duration": {
            "avg": 7.631665149006625,
            "min": 2.11151,
            "med": 7.6244565,
            "max": 17.250966,
            "p(90)": 11.994161100000001,
            "p(95)": 12.08823435
        },
        "vus_max": {
            "value": 10,
            "min": 10,
            "max": 10
        },
        "data_sent": {
            "count": 29898,
            "rate": 490.3319166370571
        },
        "http_reqs": {
            "count": 302,
            "rate": 4.952847642798556
        },
        "http_req_blocked": {
            "p(90)": 0.01638260000000001,
            "p(95)": 0.023645499999999983,
            "avg": 0.03259061258278145,
            "min": 0.002298,
            "med": 0.012743500000000001,
            "max": 1.563167
        },
        "iteration_duration": {
            "p(95)": 1013.2461642,
            "avg": 1008.435148231788,
            "min": 1002.465464,
            "med": 1008.3774404999999,
            "max": 1018.50796,
            "p(90)": 1012.9818733
        },
        "http_req_tls_handshaking": {
            "p(90)": 0,
            "p(95)": 0,
            "avg": 0,
            "min": 0,
            "med": 0,
            "max": 0
        }
    }
}