{
    "metrics": {
        "http_req_connecting": {
            "avg": 0.01051414569536424,
            "min": 0,
            "med": 0,
            "max": 0.406497,
            "p(90)": 0,
            "p(95)": 0
        },
        "http_req_tls_handshaking": {
            "max": 0,
            "p(90)": 0,
            "p(95)": 0,
            "avg": 0,
            "min": 0,
            "med": 0
        },
        "data_sent": {
            "count": 29898,
            "rate": 490.3485287221207
        },
        "http_req_waiting": {
            "avg": 8.033395536423836,
            "min": 2.201982,
            "med": 7.639241500000001,
            "max": 12.02748,
            "p(90)": 11.8511951,
            "p(95)": 11.9045462
        },
        "vus": {
            "value": 9,
            "min": 1,
            "max": 9
        },
        "http_req_failed": {
            "fails": 302,
            "passes": 0,
            "value": 0
        },
        "vus_max": {
            "max": 10,
            "value": 10,
            "min": 10
        },
        "http_req_duration": {
            "p(90)": 12.0074731,
            "p(95)": 12.065129899999999,
            "avg": 8.142018682119206,
            "min": 2.259047,
            "med": 7.7063505,
            "max": 12.191509
        },
        "http_req_blocked": {
            "avg": 0.02716995364238411,
            "min": 0.003005,
            "med": 0.013056,
            "max": 0.560581,
            "p(90)": 0.016142300000000002,
            "p(95)": 0.020286949999999998
        },
        "http_req_receiving": {
            "med": 0.0568505,
            "max": 0.221971,
            "p(90)": 0.12166360000000001,
            "p(95)": 0.1322551,
            "avg": 0.06751278807947021,
            "min": 0.02179
        },
        "http_reqs": {
            "count": 302,
            "rate": 4.953015441637583
        },
        "http_req_sending": {
            "med": 0.040614,
            "max": 0.288031,
            "p(90)": 0.048946500000000004,
            "p(95)": 0.061549499999999986,
            "avg": 0.04111035761589403,
            "min": 0.008125
        },
        "iteration_duration": {
            "avg": 1009.024407920529,
            "min": 1002.54124,
            "med": 1008.689937,
            "max": 1013.939036,
            "p(90)": 1013.1050394,
            "p(95)": 1013.23457925
        },
        "iterations": {
            "count": 302,
            "rate": 4.953015441637583
        },
        "data_received": {
            "count": 60724,
            "rate": 995.9169194635781
        },
        "http_req_duration{expected_response:true}": {
            "min": 2.259047,
            "med": 7.7063505,
            "max": 12.191509,
            "p(90)": 12.0074731,
            "p(95)": 12.065129899999999,
            "avg": 8.142018682119206
        }
    },
    "root_group": {
        "name": "",
        "path": "",
        "id": "d41d8cd98f00b204e9800998ecf8427e",
        "groups": {},
        "checks": {}
    }
}