{
    "metrics": {
        "http_req_duration": {
            "min": 0.091917,
            "med": 0.6687125,
            "max": 1.897117,
            "p(90)": 0.7131832,
            "p(95)": 0.7308323,
            "avg": 0.6177143749440716,
            "thresholds": {
                "p(95)<500": false
            }
        },
        "http_req_tls_handshaking": {
            "avg": 0,
            "min": 0,
            "med": 0,
            "max": 0,
            "p(90)": 0,
            "p(95)": 0
        },
        "vus_max": {
            "value": 20,
            "min": 20,
            "max": 20
        },
        "http_reqs": {
            "count": 4470,
            "rate": 10.626555671796009
        },
        "vus": {
            "min": 1,
            "max": 20,
            "value": 1
        },
        "data_sent": {
            "count": 388890,
            "rate": 924.5103434462527
        },
        "iteration_duration": {
            "max": 1003.955683,
            "p(90)": 1001.9882299999999,
            "p(95)": 1002.0467846500001,
            "avg": 1001.5029402017918,
            "min": 1000.237212,
            "med": 1001.5401179999999
        },
        "http_req_failed": {
            "passes": 0,
            "fails": 4470,
            "thresholds": {
                "rate<0.01": false
            },
            "value": 0
        },
        "http_req_blocked": {
            "p(90)": 0.0150806,
            "p(95)": 0.016874450000000003,
            "avg": 0.01484463691275161,
            "min": 0.002004,
            "med": 0.012913500000000001,
            "max": 1.442426
        },
        "http_req_duration{expected_response:true}": {
            "max": 1.897117,
            "p(90)": 0.7131832,
            "p(95)": 0.7308323,
            "avg": 0.6177143749440716,
            "min": 0.091917,
            "med": 0.6687125
        },
        "data_received": {
            "rate": 9064.451988041996,
            "count": 3812910
        },
        "iterations": {
            "count": 4470,
            "rate": 10.626555671796009
        },
        "http_req_connecting": {
            "p(90)": 0,
            "p(95)": 0,
            "avg": 0.0016830583892617447,
            "min": 0,
            "med": 0,
            "max": 0.609635
        },
        "http_req_sending": {
            "max": 0.621455,
            "p(90)": 0.0440413,
            "p(95)": 0.04914645000000001,
            "avg": 0.03589318881431762,
            "min": 0.004765,
            "med": 0.0351785
        },
        "http_req_waiting": {
            "avg": 0.4705736024608486,
            "min": 0.069955,
            "med": 0.513391,
            "max": 1.462962,
            "p(90)": 0.5474852,
            "p(95)": 0.5581174
        },
        "http_req_receiving": {
            "avg": 0.11124758366890386,
            "min": 0.014853,
            "med": 0.112067,
            "max": 1.340468,
            "p(90)": 0.1464561,
            "p(95)": 0.1565765
        }
    },
    "root_group": {
        "name": "",
        "path": "",
        "id": "d41d8cd98f00b204e9800998ecf8427e",
        "groups": {},
        "checks": {}
    }
}