{
    "metrics": {
        "http_req_sending": {
            "avg": 0.034772285234899246,
            "min": 0.004811,
            "med": 0.0345755,
            "max": 0.709796,
            "p(90)": 0.0433783,
            "p(95)": 0.04826650000000002
        },
        "http_req_waiting": {
            "p(90)": 0.5563131,
            "p(95)": 0.5644160500000001,
            "avg": 0.46800673601789794,
            "min": 0.064461,
            "med": 0.5185835,
            "max": 2.02005
        },
        "data_sent": {
            "count": 388890,
            "rate": 924.5327210044297
        },
        "vus_max": {
            "value": 20,
            "min": 20,
            "max": 20
        },
        "http_req_blocked": {
            "p(90)": 0.015497499999999999,
            "p(95)": 0.01711585,
            "avg": 0.014919459507829958,
            "min": 0.001979,
            "med": 0.012908,
            "max": 0.666255
        },
        "http_req_connecting": {
            "avg": 0.001785330201342282,
            "min": 0,
            "med": 0,
            "max": 0.48524,
            "p(90)": 0,
            "p(95)": 0
        },
        "iterations": {
            "count": 4470,
            "rate": 10.626812885108388
        },
        "http_req_tls_handshaking": {
            "max": 0,
            "p(90)": 0,
            "p(95)": 0,
            "avg": 0,
            "min": 0,
            "med": 0
        },
        "http_req_duration{expected_response:true}": {
            "avg": 0.6128366706935103,
            "min": 0.100052,
            "med": 0.6760405,
            "max": 2.259605,
            "p(90)": 0.7204187999999999,
            "p(95)": 0.73642885
        },
        "http_req_receiving": {
            "avg": 0.11005764944071621,
            "min": 0.015017,
            "med": 0.1128345,
            "max": 0.971033,
            "p(90)": 0.1489013,
            "p(95)": 0.15904775000000002
        },
        "http_req_duration": {
            "avg": 0.6128366706935103,
            "min": 0.100052,
            "med": 0.6760405,
            "max": 2.259605,
            "p(90)": 0.7204187999999999,
            "p(95)": 0.73642885,
            "thresholds": {
                "p(95)<500": false
            }
        },
        "vus": {
            "value": 1,
            "min": 1,
            "max": 20
        },
        "iteration_duration": {
            "avg": 1001.4830296098453,
            "min": 1000.198725,
            "med": 1001.5079565,
            "max": 1003.59577,
            "p(90)": 1001.9881192,
            "p(95)": 1002.05030055
        },
        "http_req_failed": {
            "passes": 0,
            "fails": 4470,
            "thresholds": {
                "rate<0.01": false
            },
            "value": 0
        },
        "http_reqs": {
            "count": 4470,
            "rate": 10.626812885108388
        },
        "data_received": {
            "count": 3812910,
            "rate": 9064.671390997455
        }
    },
    "root_group": {
        "id": "d41d8cd98f00b204e9800998ecf8427e",
        "groups": {},
        "checks": {},
        "name": "",
        "path": ""
    }
}