{
    "metrics": {
        "http_req_duration": {
            "min": 0.057031,
            "med": 0.5834239999999999,
            "max": 5.277848,
            "p(90)": 0.7823495,
            "p(95)": 0.8611552499999999,
            "avg": 0.5217470064151698,
            "thresholds": {
                "p(95)<500": false
            }
        },
        "data_sent": {
            "count": 3403962,
            "rate": 11330.000427759955
        },
        "iteration_duration": {
            "p(95)": 1002.0570855,
            "avg": 1001.3328797825993,
            "min": 1000.112139,
            "med": 1001.3316085,
            "max": 1019.467891,
            "p(90)": 1001.9348305
        },
        "data_received": {
            "count": 33374478,
            "rate": 111086.09614803725
        },
        "http_req_failed": {
            "passes": 0,
            "fails": 39126,
            "thresholds": {
                "rate<0.01": false
            },
            "value": 0
        },
        "vus": {
            "value": 1,
            "min": 1,
            "max": 300
        },
        "http_reqs": {
            "count": 39126,
            "rate": 130.22988997425236
        },
        "vus_max": {
            "value": 300,
            "min": 300,
            "max": 300
        },
        "iterations": {
            "count": 39126,
            "rate": 130.22988997425236
        },
        "http_req_waiting": {
            "p(95)": 0.72286575,
            "avg": 0.40909314292286325,
            "min": 0.039095,
            "med": 0.4403365,
            "max": 5.181918,
            "p(90)": 0.645706
        },
        "http_req_sending": {
            "p(90)": 0.038566,
            "p(95)": 0.0430905,
            "avg": 0.026998743163114146,
            "min": 0.003165,
            "med": 0.029448,
            "max": 2.773315
        },
        "http_req_connecting": {
            "p(95)": 0,
            "avg": 0.003216333410008691,
            "min": 0,
            "med": 0,
            "max": 17.429675,
            "p(90)": 0
        },
        "http_req_receiving": {
            "p(90)": 0.130806,
            "p(95)": 0.1425705,
            "avg": 0.08565512032919276,
            "min": 0.00724,
            "med": 0.098528,
            "max": 1.974433
        },
        "http_req_duration{expected_response:true}": {
            "avg": 0.5217470064151698,
            "min": 0.057031,
            "med": 0.5834239999999999,
            "max": 5.277848,
            "p(90)": 0.7823495,
            "p(95)": 0.8611552499999999
        },
        "http_req_blocked": {
            "p(95)": 0.01600875,
            "avg": 0.014024443541379203,
            "min": 0.001185,
            "med": 0.01147,
            "max": 17.549745,
            "p(90)": 0.014591
        },
        "http_req_tls_handshaking": {
            "max": 0,
            "p(90)": 0,
            "p(95)": 0,
            "avg": 0,
            "min": 0,
            "med": 0
        }
    },
    "root_group": {
        "checks": {},
        "name": "",
        "path": "",
        "id": "d41d8cd98f00b204e9800998ecf8427e",
        "groups": {}
    }
}