{
    "root_group": {
        "name": "",
        "path": "",
        "id": "d41d8cd98f00b204e9800998ecf8427e",
        "groups": {},
        "checks": {}
    },
    "metrics": {
        "iteration_duration": {
            "avg": 1001.3457293148541,
            "min": 1000.1119,
            "med": 1001.3399355,
            "max": 1032.226394,
            "p(90)": 1001.94489,
            "p(95)": 1002.07442975
        },
        "http_req_duration{expected_response:true}": {
            "avg": 0.5314120113735163,
            "min": 0.061526,
            "med": 0.591238,
            "max": 5.131074,
            "p(90)": 0.7899754999999999,
            "p(95)": 0.86960075
        },
        "vus_max": {
            "value": 300,
            "min": 300,
            "max": 300
        },
        "http_req_failed": {
            "passes": 0,
            "fails": 39126,
            "thresholds": {
                "rate<0.01": false
            },
            "value": 0
        },
        "http_reqs": {
            "count": 39126,
            "rate": 130.22250672579037
        },
        "data_sent": {
            "count": 3403962,
            "rate": 11329.358085143762
        },
        "http_req_duration": {
            "max": 5.131074,
            "p(90)": 0.7899754999999999,
            "p(95)": 0.86960075,
            "avg": 0.5314120113735163,
            "min": 0.061526,
            "med": 0.591238,
            "thresholds": {
                "p(95)<500": false
            }
        },
        "http_req_connecting": {
            "avg": 0.0032384047180902707,
            "min": 0,
            "med": 0,
            "max": 30.971927,
            "p(90)": 0,
            "p(95)": 0
        },
        "http_req_receiving": {
            "avg": 0.08657461396513795,
            "min": 0.007177,
            "med": 0.099543,
            "max": 1.624344,
            "p(90)": 0.131067,
            "p(95)": 0.14303275
        },
        "data_received": {
            "count": 33374478,
            "rate": 111079.79823709918
        },
        "iterations": {
            "count": 39126,
            "rate": 130.22250672579037
        },
        "vus": {
            "value": 1,
            "min": 1,
            "max": 300
        },
        "http_req_waiting": {
            "avg": 0.4178031531973635,
            "min": 0.040452,
            "med": 0.446423,
            "max": 4.92857,
            "p(90)": 0.6526005,
            "p(95)": 0.7297415
        },
        "http_req_blocked": {
            "p(90)": 0.014625,
            "p(95)": 0.016112249999999998,
            "avg": 0.01403350546950872,
            "min": 0.001139,
            "med": 0.011434,
            "max": 31.036034
        },
        "http_req_tls_handshaking": {
            "p(95)": 0,
            "avg": 0,
            "min": 0,
            "med": 0,
            "max": 0,
            "p(90)": 0
        },
        "http_req_sending": {
            "p(90)": 0.0385605,
            "p(95)": 0.04296225,
            "avg": 0.027034244211010448,
            "min": 0.003159,
            "med": 0.029179,
            "max": 1.0048
        }
    }
}