{
    "root_group": {
        "name": "",
        "path": "",
        "id": "d41d8cd98f00b204e9800998ecf8427e",
        "groups": {},
        "checks": {}
    },
    "metrics": {
        "iterations": {
            "rate": 152.87617408598481,
            "count": 73478
        },
        "http_req_failed": {
            "passes": 0,
            "fails": 73478,
            "thresholds": {
                "rate<0.01": false
            },
            "value": 0
        },
        "http_req_connecting": {
            "avg": 0.0018811760935245924,
            "min": 0,
            "med": 0,
            "max": 18.087821,
            "p(90)": 0,
            "p(95)": 0
        },
        "http_req_tls_handshaking": {
            "avg": 0,
            "min": 0,
            "med": 0,
            "max": 0,
            "p(90)": 0,
            "p(95)": 0
        },
        "vus": {
            "max": 349,
            "value": 2,
            "min": 0
        },
        "iteration_duration": {
            "avg": 1001.4208586452277,
            "min": 1000.133124,
            "med": 1001.4335475,
            "max": 1018.685285,
            "p(90)": 1001.9957015,
            "p(95)": 1002.1123698499999
        },
        "http_req_duration{expected_response:true}": {
            "avg": 0.5262849333542022,
            "min": 0.055668,
            "med": 0.58007,
            "max": 6.549472,
            "p(90)": 0.7056296,
            "p(95)": 0.7375828999999999
        },
        "http_req_duration": {
            "min": 0.055668,
            "med": 0.58007,
            "max": 6.549472,
            "p(90)": 0.7056296,
            "p(95)": 0.7375828999999999,
            "avg": 0.5262849333542022,
            "thresholds": {
                "p(95)<500": false
            }
        },
        "http_req_receiving": {
            "avg": 0.0940539510329624,
            "min": 0.007402,
            "med": 0.1040385,
            "max": 5.196363,
            "p(90)": 0.1335413,
            "p(95)": 0.14441519999999994
        },
        "vus_max": {
            "value": 350,
            "min": 350,
            "max": 350
        },
        "data_received": {
            "count": 62676734,
            "rate": 130403.37649534504
        },
        "http_req_waiting": {
            "min": 0.040443,
            "med": 0.4368385,
            "max": 4.496357,
            "p(90)": 0.5522269000000001,
            "p(95)": 0.5859018499999996,
            "avg": 0.40348857803696236
        },
        "http_req_sending": {
            "p(90)": 0.0393673,
            "p(95)": 0.04343615,
            "avg": 0.028742404284275824,
            "min": 0.003169,
            "med": 0.030346,
            "max": 0.964812
        },
        "http_reqs": {
            "count": 73478,
            "rate": 152.87617408598481
        },
        "data_sent": {
            "count": 6392586,
            "rate": 13300.22714548068
        },
        "http_req_blocked": {
            "avg": 0.013125642600506117,
            "min": 0.001147,
            "med": 0.011708,
            "max": 18.1818,
            "p(90)": 0.014849,
            "p(95)": 0.016106
        }
    }
}