{
    "root_group": {
        "path": "",
        "id": "d41d8cd98f00b204e9800998ecf8427e",
        "groups": {},
        "checks": {},
        "name": ""
    },
    "metrics": {
        "iterations": {
            "count": 73483,
            "rate": 152.86965595308254
        },
        "http_req_failed": {
            "passes": 0,
            "fails": 73483,
            "thresholds": {
                "rate<0.01": false
            },
            "value": 0
        },
        "http_reqs": {
            "count": 73483,
            "rate": 152.86965595308254
        },
        "http_req_duration{expected_response:true}": {
            "avg": 0.5276887080957475,
            "min": 0.05957,
            "med": 0.577228,
            "max": 6.419214,
            "p(90)": 0.700693,
            "p(95)": 0.7309646999999999
        },
        "http_req_receiving": {
            "med": 0.104475,
            "max": 5.682928,
            "p(90)": 0.1333834,
            "p(95)": 0.14377149999999997,
            "avg": 0.09495483430181077,
            "min": 0.007098
        },
        "vus": {
            "value": 2,
            "min": 0,
            "max": 349
        },
        "http_req_tls_handshaking": {
            "avg": 0,
            "min": 0,
            "med": 0,
            "max": 0,
            "p(90)": 0,
            "p(95)": 0
        },
        "iteration_duration": {
            "avg": 1001.4224045000392,
            "min": 1000.130493,
            "med": 1001.43509,
            "max": 1041.911449,
            "p(90)": 1001.9929948,
            "p(95)": 1002.1067263
        },
        "http_req_waiting": {
            "avg": 0.403331207558212,
            "min": 0.041951,
            "med": 0.434399,
            "max": 5.545626,
            "p(90)": 0.5466588,
            "p(95)": 0.578178
        },
        "vus_max": {
            "min": 350,
            "max": 350,
            "value": 350
        },
        "http_req_sending": {
            "avg": 0.02940266623572804,
            "min": 0.003153,
            "med": 0.030718,
            "max": 1.481454,
            "p(90)": 0.039838,
            "p(95)": 0.043872
        },
        "data_received": {
            "count": 62680999,
            "rate": 130397.8165279794
        },
        "http_req_blocked": {
            "min": 0.001202,
            "med": 0.011872,
            "max": 40.024437,
            "p(90)": 0.014914,
            "p(95)": 0.01623,
            "avg": 0.013749661064463733
        },
        "data_sent": {
            "rate": 13299.660067918181,
            "count": 6393021
        },
        "http_req_connecting": {
            "avg": 0.0022464770491133993,
            "min": 0,
            "med": 0,
            "max": 39.859416,
            "p(90)": 0,
            "p(95)": 0
        },
        "http_req_duration": {
            "p(95)": 0.7309646999999999,
            "avg": 0.5276887080957475,
            "min": 0.05957,
            "med": 0.577228,
            "max": 6.419214,
            "p(90)": 0.700693,
            "thresholds": {
                "p(95)<500": false
            }
        }
    }
}