{
    "root_group": {
        "name": "",
        "path": "",
        "id": "d41d8cd98f00b204e9800998ecf8427e",
        "groups": {},
        "checks": {}
    },
    "metrics": {
        "iterations": {
            "count": 39125,
            "rate": 130.22445175086773
        },
        "vus": {
            "max": 300,
            "value": 1,
            "min": 1
        },
        "http_req_blocked": {
            "p(90)": 0.014647,
            "p(95)": 0.01609859999999999,
            "avg": 0.013944840766773083,
            "min": 0.001122,
            "med": 0.011482,
            "max": 20.239092
        },
        "http_req_duration": {
            "max": 6.952223,
            "p(90)": 0.7993737999999999,
            "p(95)": 0.8749221999999999,
            "avg": 0.5417528133674154,
            "min": 0.053535,
            "med": 0.600498,
            "thresholds": {
                "p(95)<500": false
            }
        },
        "http_req_connecting": {
            "avg": 0.002965165162939297,
            "min": 0,
            "med": 0,
            "max": 20.180928,
            "p(90)": 0,
            "p(95)": 0
        },
        "data_received": {
            "count": 33373625,
            "rate": 111081.45734349017
        },
        "http_req_tls_handshaking": {
            "p(90)": 0,
            "p(95)": 0,
            "avg": 0,
            "min": 0,
            "med": 0,
            "max": 0
        },
        "vus_max": {
            "value": 300,
            "min": 300,
            "max": 300
        },
        "http_req_waiting": {
            "avg": 0.42609838093290986,
            "min": 0.038315,
            "med": 0.455056,
            "max": 5.978972,
            "p(90)": 0.6609656,
            "p(95)": 0.7348225999999998
        },
        "http_req_failed": {
            "fails": 39125,
            "passes": 0,
            "thresholds": {
                "rate<0.01": false
            },
            "value": 0
        },
        "http_req_duration{expected_response:true}": {
            "med": 0.600498,
            "max": 6.952223,
            "p(90)": 0.7993737999999999,
            "p(95)": 0.8749221999999999,
            "avg": 0.5417528133674154,
            "min": 0.053535
        },
        "data_sent": {
            "count": 3403875,
            "rate": 11329.527302325492
        },
        "http_reqs": {
            "count": 39125,
            "rate": 130.22445175086773
        },
        "http_req_sending": {
            "avg": 0.027615857354632494,
            "min": 0.003105,
            "med": 0.029542,
            "max": 1.528589,
            "p(90)": 0.038595599999999994,
            "p(95)": 0.04304059999999999
        },
        "http_req_receiving": {
            "avg": 0.08803857507987221,
            "min": 0.006977,
            "med": 0.100627,
            "max": 1.837775,
            "p(90)": 0.1317206,
            "p(95)": 0.14278679999999994
        },
        "iteration_duration": {
            "p(90)": 1001.9441686,
            "p(95)": 1002.0742614,
            "avg": 1001.3515502178986,
            "min": 1000.104384,
            "med": 1001.351837,
            "max": 1021.219624
        }
    }
}