{
    "root_group": {
        "path": "",
        "id": "d41d8cd98f00b204e9800998ecf8427e",
        "groups": {},
        "checks": {},
        "name": ""
    },
    "metrics": {
        "vus": {
            "value": 1,
            "min": 1,
            "max": 300
        },
        "http_req_sending": {
            "med": 0.029554,
            "max": 0.469273,
            "p(90)": 0.039078,
            "p(95)": 0.04358525,
            "avg": 0.026843738358124945,
            "min": 0.003232
        },
        "iterations": {
            "count": 39126,
            "rate": 130.22793423280814
        },
        "http_req_duration{expected_response:true}": {
            "p(90)": 0.777567,
            "p(95)": 0.860828,
            "avg": 0.5176520280376173,
            "min": 0.053295,
            "med": 0.582124,
            "max": 5.772051
        },
        "http_req_waiting": {
            "p(90)": 0.6404665,
            "p(95)": 0.7202975,
            "avg": 0.4065651227828035,
            "min": 0.034831,
            "med": 0.438336,
            "max": 5.614015
        },
        "vus_max": {
            "value": 300,
            "min": 300,
            "max": 300
        },
        "http_req_duration": {
            "p(95)": 0.860828,
            "avg": 0.5176520280376173,
            "min": 0.053295,
            "med": 0.582124,
            "max": 5.772051,
            "p(90)": 0.777567,
            "thresholds": {
                "p(95)<500": false
            }
        },
        "data_received": {
            "count": 33374478,
            "rate": 111084.42790058533
        },
        "http_req_connecting": {
            "min": 0,
            "med": 0,
            "max": 24.205146,
            "p(90)": 0,
            "p(95)": 0,
            "avg": 0.0032937556100802517
        },
        "http_req_tls_handshaking": {
            "min": 0,
            "med": 0,
            "max": 0,
            "p(90)": 0,
            "p(95)": 0,
            "avg": 0
        },
        "http_reqs": {
            "count": 39126,
            "rate": 130.22793423280814
        },
        "http_req_receiving": {
            "p(95)": 0.141151,
            "avg": 0.08424316689669258,
            "min": 0.007145,
            "med": 0.098262,
            "max": 2.343425,
            "p(90)": 0.129893
        },
        "data_sent": {
            "count": 3403962,
            "rate": 11329.830278254307
        },
        "iteration_duration": {
            "med": 1001.324843,
            "max": 1025.775545,
            "p(90)": 1001.9253705,
            "p(95)": 1002.05271175,
            "avg": 1001.3288443819752,
            "min": 1000.117908
        },
        "http_req_blocked": {
            "max": 24.329926,
            "p(90)": 0.0147095,
            "p(95)": 0.01617975,
            "avg": 0.01403742227674699,
            "min": 0.001121,
            "med": 0.0114555
        },
        "http_req_failed": {
            "passes": 0,
            "fails": 39126,
            "thresholds": {
                "rate<0.01": false
            },
            "value": 0
        }
    }
}