{
    "root_group": {
        "name": "",
        "path": "",
        "id": "d41d8cd98f00b204e9800998ecf8427e",
        "groups": {},
        "checks": {}
    },
    "metrics": {
        "http_req_tls_handshaking": {
            "avg": 0,
            "min": 0,
            "med": 0,
            "max": 0,
            "p(90)": 0,
            "p(95)": 0
        },
        "http_req_receiving": {
            "avg": 0.08334802697046037,
            "min": 0.007277,
            "med": 0.099609,
            "max": 0.987494,
            "p(90)": 0.1307928,
            "p(95)": 0.1429278
        },
        "data_received": {
            "count": 32196485,
            "rate": 133965.10384748993
        },
        "http_req_blocked": {
            "p(95)": 0.016155799999999994,
            "avg": 0.01385954812557952,
            "min": 0.001156,
            "med": 0.011585,
            "max": 26.488988,
            "p(90)": 0.014453
        },
        "vus": {
            "value": 1,
            "min": 1,
            "max": 299
        },
        "data_sent": {
            "count": 3283815,
            "rate": 13663.498282217613
        },
        "http_req_duration{expected_response:true}": {
            "max": 4.007608,
            "p(90)": 0.6906392,
            "p(95)": 0.7159317999999999,
            "avg": 0.47256033230891553,
            "min": 0.063885,
            "med": 0.561825
        },
        "http_req_failed": {
            "passes": 0,
            "fails": 37745,
            "thresholds": {
                "rate<0.01": false
            },
            "value": 0
        },
        "vus_max": {
            "min": 300,
            "max": 300,
            "value": 300
        },
        "http_reqs": {
            "count": 37745,
            "rate": 157.0517043933059
        },
        "http_req_waiting": {
            "avg": 0.3625723679692667,
            "min": 0.045857,
            "med": 0.421471,
            "max": 3.809975,
            "p(90)": 0.5344677999999999,
            "p(95)": 0.5637591999999998
        },
        "http_req_sending": {
            "max": 2.081074,
            "p(90)": 0.040954599999999994,
            "p(95)": 0.04405419999999996,
            "avg": 0.026639937369187953,
            "min": 0.003255,
            "med": 0.029956
        },
        "http_req_duration": {
            "p(90)": 0.6906392,
            "p(95)": 0.7159317999999999,
            "avg": 0.47256033230891553,
            "min": 0.063885,
            "med": 0.561825,
            "max": 4.007608,
            "thresholds": {
                "p(95)<500": false
            }
        },
        "iteration_duration": {
            "avg": 1001.2881068837373,
            "min": 1000.126334,
            "med": 1001.289631,
            "max": 1028.361948,
            "p(90)": 1001.8918997999999,
            "p(95)": 1002.0007498
        },
        "iterations": {
            "count": 37745,
            "rate": 157.0517043933059
        },
        "http_req_connecting": {
            "avg": 0.003236527540071533,
            "min": 0,
            "med": 0,
            "max": 26.343915,
            "p(90)": 0,
            "p(95)": 0
        }
    }
}