{
    "metrics": {
        "http_req_tls_handshaking": {
            "max": 0,
            "p(90)": 0,
            "p(95)": 0,
            "avg": 0,
            "min": 0,
            "med": 0
        },
        "http_req_sending": {
            "max": 0.927432,
            "p(90)": 0.040284,
            "p(95)": 0.04342529999999997,
            "avg": 0.024997455559382185,
            "min": 0.003238,
            "med": 0.02896
        },
        "http_req_blocked": {
            "min": 0.001111,
            "med": 0.011385,
            "max": 32.786756,
            "p(90)": 0.014411400000000001,
            "p(95)": 0.0161537,
            "avg": 0.013609070177762464
        },
        "http_req_duration{expected_response:true}": {
            "p(90)": 0.6958772000000001,
            "p(95)": 0.719012,
            "avg": 0.45294857601928457,
            "min": 0.059953,
            "med": 0.551156,
            "max": 2.503236
        },
        "vus_max": {
            "min": 300,
            "max": 300,
            "value": 300
        },
        "http_req_connecting": {
            "avg": 0.0034181332556229623,
            "min": 0,
            "med": 0,
            "max": 32.679495,
            "p(90)": 0,
            "p(95)": 0
        },
        "http_req_waiting": {
            "p(90)": 0.5399004000000001,
            "p(95)": 0.5633947999999999,
            "avg": 0.3486388181047522,
            "min": 0.041902,
            "med": 0.41204,
            "max": 2.336159
        },
        "http_req_duration": {
            "avg": 0.45294857601928457,
            "min": 0.059953,
            "med": 0.551156,
            "max": 2.503236,
            "p(90)": 0.6958772000000001,
            "p(95)": 0.719012,
            "thresholds": {
                "p(95)<500": false
            }
        },
        "iteration_duration": {
            "max": 1034.469,
            "p(90)": 1001.8899624,
            "p(95)": 1002.0025873000001,
            "avg": 1001.2615796682952,
            "min": 1000.129461,
            "med": 1001.252032
        },
        "vus": {
            "value": 1,
            "min": 1,
            "max": 299
        },
        "data_received": {
            "count": 32198191,
            "rate": 133980.3268853759
        },
        "iterations": {
            "count": 37747,
            "rate": 157.0695508621054
        },
        "http_req_receiving": {
            "min": 0.007021,
            "med": 0.097759,
            "max": 1.165649,
            "p(90)": 0.12941640000000004,
            "p(95)": 0.14211149999999997,
            "avg": 0.07931230235515387
        },
        "data_sent": {
            "count": 3283989,
            "rate": 13665.050925003168
        },
        "http_req_failed": {
            "fails": 37747,
            "passes": 0,
            "thresholds": {
                "rate<0.01": false
            },
            "value": 0
        },
        "http_reqs": {
            "count": 37747,
            "rate": 157.0695508621054
        }
    },
    "root_group": {
        "name": "",
        "path": "",
        "id": "d41d8cd98f00b204e9800998ecf8427e",
        "groups": {},
        "checks": {}
    }
}