{
    "metrics": {
        "http_req_receiving": {
            "p(95)": 0.14312599999999998,
            "avg": 0.08325496863160735,
            "min": 0.007037,
            "med": 0.099487,
            "max": 1.116283,
            "p(90)": 0.13096
        },
        "http_req_duration": {
            "min": 0.066012,
            "med": 0.560075,
            "max": 2.833266,
            "p(90)": 0.6876251999999999,
            "p(95)": 0.7142331999999998,
            "avg": 0.469461552179098,
            "thresholds": {
                "p(95)<500": false
            }
        },
        "http_reqs": {
            "count": 37745,
            "rate": 157.05244939223178
        },
        "vus": {
            "min": 1,
            "max": 299,
            "value": 1
        },
        "http_req_connecting": {
            "p(95)": 0,
            "avg": 0.0036730801960524534,
            "min": 0,
            "med": 0,
            "max": 39.819931,
            "p(90)": 0
        },
        "data_sent": {
            "count": 3283815,
            "rate": 13663.563097124166
        },
        "http_req_blocked": {
            "avg": 0.014268335673599256,
            "min": 0.001192,
            "med": 0.011592,
            "max": 39.855125,
            "p(90)": 0.014453,
            "p(95)": 0.016084
        },
        "vus_max": {
            "value": 300,
            "min": 300,
            "max": 300
        },
        "iterations": {
            "rate": 157.05244939223178,
            "count": 37745
        },
        "http_req_failed": {
            "passes": 0,
            "fails": 37745,
            "thresholds": {
                "rate<0.01": false
            },
            "value": 0
        },
        "http_req_duration{expected_response:true}": {
            "p(90)": 0.6876251999999999,
            "p(95)": 0.7142331999999998,
            "avg": 0.469461552179098,
            "min": 0.066012,
            "med": 0.560075,
            "max": 2.833266
        },
        "http_req_tls_handshaking": {
            "min": 0,
            "med": 0,
            "max": 0,
            "p(90)": 0,
            "p(95)": 0,
            "avg": 0
        },
        "data_received": {
            "count": 32196485,
            "rate": 133965.7393315737
        },
        "http_req_sending": {
            "avg": 0.026467034494634716,
            "min": 0.003332,
            "med": 0.029825,
            "max": 0.706945,
            "p(90)": 0.0410252,
            "p(95)": 0.04411239999999999
        },
        "http_req_waiting": {
            "avg": 0.3597395490528552,
            "min": 0.046283,
            "med": 0.419761,
            "max": 2.780028,
            "p(90)": 0.5317526,
            "p(95)": 0.5610511999999999
        },
        "iteration_duration": {
            "p(90)": 1001.8938860000001,
            "p(95)": 1002.0094232,
            "avg": 1001.2826668494098,
            "min": 1000.130043,
            "med": 1001.280798,
            "max": 1041.175234
        }
    },
    "root_group": {
        "path": "",
        "id": "d41d8cd98f00b204e9800998ecf8427e",
        "groups": {},
        "checks": {},
        "name": ""
    }
}