{
    "root_group": {
        "id": "d41d8cd98f00b204e9800998ecf8427e",
        "groups": {},
        "checks": {},
        "name": "",
        "path": ""
    },
    "metrics": {
        "http_req_waiting": {
            "avg": 0.35908342438933566,
            "min": 0.043539,
            "med": 0.420065,
            "max": 6.329963,
            "p(90)": 0.5363185,
            "p(95)": 0.564037
        },
        "data_received": {
            "count": 32197338,
            "rate": 133964.36812457652
        },
        "iteration_duration": {
            "avg": 1001.2893989935898,
            "min": 1000.110752,
            "med": 1001.2855835,
            "max": 1028.965224,
            "p(90)": 1001.9001665,
            "p(95)": 1002.0146115
        },
        "http_req_duration{expected_response:true}": {
            "min": 0.063369,
            "med": 0.56,
            "max": 7.568358,
            "p(90)": 0.692383,
            "p(95)": 0.71855775,
            "avg": 0.46780777878450647
        },
        "http_req_receiving": {
            "min": 0.007409,
            "med": 0.0993575,
            "max": 1.312132,
            "p(90)": 0.13122450000000002,
            "p(95)": 0.14329625000000001,
            "avg": 0.0826903893127756
        },
        "vus_max": {
            "max": 300,
            "value": 300,
            "min": 300
        },
        "http_req_sending": {
            "min": 0.003408,
            "med": 0.029482500000000002,
            "max": 1.126672,
            "p(90)": 0.04073,
            "p(95)": 0.043692,
            "avg": 0.026033965082393022
        },
        "vus": {
            "value": 1,
            "min": 1,
            "max": 299
        },
        "data_sent": {
            "rate": 13663.42324365552,
            "count": 3283902
        },
        "iterations": {
            "count": 37746,
            "rate": 157.0508418810979
        },
        "http_req_tls_handshaking": {
            "med": 0,
            "max": 0,
            "p(90)": 0,
            "p(95)": 0,
            "avg": 0,
            "min": 0
        },
        "http_reqs": {
            "count": 37746,
            "rate": 157.0508418810979
        },
        "http_req_duration": {
            "avg": 0.46780777878450647,
            "min": 0.063369,
            "med": 0.56,
            "max": 7.568358,
            "p(90)": 0.692383,
            "p(95)": 0.71855775,
            "thresholds": {
                "p(95)<500": false
            }
        },
        "http_req_connecting": {
            "max": 27.412795,
            "p(90)": 0,
            "p(95)": 0,
            "avg": 0.0032406465585757436,
            "min": 0,
            "med": 0
        },
        "http_req_failed": {
            "fails": 37746,
            "passes": 0,
            "thresholds": {
                "rate<0.01": false
            },
            "value": 0
        },
        "http_req_blocked": {
            "avg": 0.013768179303767348,
            "min": 0.001168,
            "med": 0.011498,
            "max": 27.513699,
            "p(90)": 0.0144975,
            "p(95)": 0.01615175
        }
    }
}