{
    "metrics": {
        "http_req_blocked": {
            "avg": 0.013661719099337888,
            "min": 0.001143,
            "med": 0.0114455,
            "max": 34.76904,
            "p(90)": 0.014388,
            "p(95)": 0.016077549999999996
        },
        "data_received": {
            "count": 32200750,
            "rate": 133992.01900325477
        },
        "iteration_duration": {
            "avg": 1001.2651121832038,
            "min": 1000.129591,
            "med": 1001.2560945,
            "max": 1036.128506,
            "p(90)": 1001.8875412,
            "p(95)": 1002.00475185
        },
        "iterations": {
            "count": 37750,
            "rate": 157.08325791706304
        },
        "vus": {
            "value": 1,
            "min": 1,
            "max": 299
        },
        "vus_max": {
            "value": 300,
            "min": 300,
            "max": 300
        },
        "http_req_sending": {
            "min": 0.003351,
            "med": 0.0292945,
            "max": 2.369801,
            "p(90)": 0.040708,
            "p(95)": 0.043786549999999994,
            "avg": 0.02552607769536442
        },
        "data_sent": {
            "count": 3284250,
            "rate": 13666.243438784486
        },
        "http_req_connecting": {
            "p(95)": 0,
            "avg": 0.0034350334834437075,
            "min": 0,
            "med": 0,
            "max": 34.61104,
            "p(90)": 0
        },
        "http_req_failed": {
            "passes": 0,
            "fails": 37750,
            "thresholds": {
                "rate<0.01": false
            },
            "value": 0
        },
        "http_req_duration": {
            "p(95)": 0.72246575,
            "avg": 0.45944629284768107,
            "min": 0.06204,
            "med": 0.5577300000000001,
            "max": 5.939798,
            "p(90)": 0.6935802999999999,
            "thresholds": {
                "p(95)<500": false
            }
        },
        "http_req_duration{expected_response:true}": {
            "max": 5.939798,
            "p(90)": 0.6935802999999999,
            "p(95)": 0.72246575,
            "avg": 0.45944629284768107,
            "min": 0.06204,
            "med": 0.5577300000000001
        },
        "http_req_tls_handshaking": {
            "med": 0,
            "max": 0,
            "p(90)": 0,
            "p(95)": 0,
            "avg": 0,
            "min": 0
        },
        "http_req_receiving": {
            "p(90)": 0.1311745,
            "p(95)": 0.14316374999999998,
            "avg": 0.08067923115231812,
            "min": 0.007237,
            "med": 0.0979135,
            "max": 5.294832
        },
        "http_req_waiting": {
            "avg": 0.35324098400000015,
            "min": 0.044346,
            "med": 0.418058,
            "max": 5.074422,
            "p(90)": 0.5375132,
            "p(95)": 0.5684023
        },
        "http_reqs": {
            "count": 37750,
            "rate": 157.08325791706304
        }
    },
    "root_group": {
        "name": "",
        "path": "",
        "id": "d41d8cd98f00b204e9800998ecf8427e",
        "groups": {},
        "checks": {}
    }
}