{
    "root_group": {
        "path": "",
        "id": "d41d8cd98f00b204e9800998ecf8427e",
        "groups": {},
        "checks": {},
        "name": ""
    },
    "metrics": {
        "http_reqs": {
            "count": 37749,
            "rate": 157.0656136680383
        },
        "http_req_duration{expected_response:true}": {
            "avg": 0.4503254708998905,
            "min": 0.061975,
            "med": 0.555971,
            "max": 6.974266,
            "p(90)": 0.6974748000000001,
            "p(95)": 0.7267604
        },
        "data_received": {
            "count": 32199897,
            "rate": 133976.96845883667
        },
        "vus": {
            "value": 1,
            "min": 1,
            "max": 299
        },
        "http_req_sending": {
            "max": 0.848129,
            "p(90)": 0.039871000000000024,
            "p(95)": 0.043009599999999995,
            "avg": 0.024389206124665493,
            "min": 0.003295,
            "med": 0.0286
        },
        "http_req_tls_handshaking": {
            "avg": 0,
            "min": 0,
            "med": 0,
            "max": 0,
            "p(90)": 0,
            "p(95)": 0
        },
        "iterations": {
            "count": 37749,
            "rate": 157.0656136680383
        },
        "data_sent": {
            "count": 3284163,
            "rate": 13664.708389119332
        },
        "http_req_blocked": {
            "p(95)": 0.015949599999999998,
            "avg": 0.013005144745556056,
            "min": 0.001108,
            "med": 0.011273,
            "max": 25.913509,
            "p(90)": 0.014291
        },
        "http_req_receiving": {
            "avg": 0.07838184097592002,
            "min": 0.007374,
            "med": 0.097554,
            "max": 1.077437,
            "p(90)": 0.1306074,
            "p(95)": 0.1425434
        },
        "http_req_failed": {
            "fails": 37749,
            "passes": 0,
            "thresholds": {
                "rate<0.01": false
            },
            "value": 0
        },
        "http_req_waiting": {
            "max": 6.807346,
            "p(90)": 0.5405398,
            "p(95)": 0.5709516,
            "avg": 0.3475544237993052,
            "min": 0.041583,
            "med": 0.417131
        },
        "http_req_connecting": {
            "p(90)": 0,
            "p(95)": 0,
            "avg": 0.003111884314816287,
            "min": 0,
            "med": 0,
            "max": 25.816189
        },
        "vus_max": {
            "value": 300,
            "min": 300,
            "max": 300
        },
        "iteration_duration": {
            "avg": 1001.2465501311104,
            "min": 1000.109091,
            "med": 1001.237436,
            "max": 1026.424234,
            "p(90)": 1001.8772632,
            "p(95)": 1001.99263
        },
        "http_req_duration": {
            "avg": 0.4503254708998905,
            "min": 0.061975,
            "med": 0.555971,
            "max": 6.974266,
            "p(90)": 0.6974748000000001,
            "p(95)": 0.7267604,
            "thresholds": {
                "p(95)<500": false
            }
        }
    }
}