{
    "root_group": {
        "checks": {},
        "name": "",
        "path": "",
        "id": "d41d8cd98f00b204e9800998ecf8427e",
        "groups": {}
    },
    "metrics": {
        "iteration_duration": {
            "med": 1001.351865,
            "max": 1026.864451,
            "p(90)": 1001.92957,
            "p(95)": 1002.0368470999999,
            "avg": 1001.3474264009675,
            "min": 1000.137567
        },
        "iterations": {
            "count": 46479,
            "rate": 119.00492225592889
        },
        "http_req_waiting": {
            "med": 0.441957,
            "max": 12.511067,
            "p(90)": 0.579154,
            "p(95)": 0.6448576999999999,
            "avg": 0.4002241451623307,
            "min": 0.040641
        },
        "http_req_duration": {
            "avg": 0.5157827826545326,
            "min": 0.058222,
            "med": 0.586073,
            "max": 12.656334,
            "p(90)": 0.7271384,
            "p(95)": 0.7850196,
            "thresholds": {
                "p(95)<500": false
            }
        },
        "http_reqs": {
            "count": 46479,
            "rate": 119.00492225592889
        },
        "http_req_duration{expected_response:true}": {
            "p(95)": 0.7850196,
            "avg": 0.5157827826545326,
            "min": 0.058222,
            "med": 0.586073,
            "max": 12.656334,
            "p(90)": 0.7271384
        },
        "data_sent": {
            "count": 4043673,
            "rate": 10353.428236265812
        },
        "vus": {
            "value": 6,
            "min": 1,
            "max": 299
        },
        "http_req_blocked": {
            "med": 0.011656,
            "max": 25.298665,
            "p(90)": 0.014625,
            "p(95)": 0.0161421,
            "avg": 0.0135220499795606,
            "min": 0.001119
        },
        "http_req_tls_handshaking": {
            "med": 0,
            "max": 0,
            "p(90)": 0,
            "p(95)": 0,
            "avg": 0,
            "min": 0
        },
        "http_req_receiving": {
            "avg": 0.0880094676735734,
            "min": 0.007309,
            "med": 0.10223,
            "max": 1.042845,
            "p(90)": 0.131985,
            "p(95)": 0.1437371
        },
        "http_req_sending": {
            "min": 0.003113,
            "med": 0.029979,
            "max": 0.868973,
            "p(90)": 0.040387,
            "p(95)": 0.043734,
            "avg": 0.027549169818628143
        },
        "vus_max": {
            "value": 300,
            "min": 300,
            "max": 300
        },
        "data_received": {
            "rate": 101511.19868430734,
            "count": 39646587
        },
        "http_req_failed": {
            "passes": 0,
            "fails": 46479,
            "thresholds": {
                "rate<0.01": false
            },
            "value": 0
        },
        "http_req_connecting": {
            "max": 25.251318,
            "p(90)": 0,
            "p(95)": 0,
            "avg": 0.0026437256180210427,
            "min": 0,
            "med": 0
        }
    }
}