{
    "metrics": {
        "http_req_tls_handshaking": {
            "min": 0,
            "med": 0,
            "max": 0,
            "p(90)": 0,
            "p(95)": 0,
            "avg": 0
        },
        "data_received": {
            "count": 39644881,
            "rate": 101505.48413823002
        },
        "vus_max": {
            "value": 300,
            "min": 300,
            "max": 300
        },
        "http_req_duration{expected_response:true}": {
            "p(90)": 0.7402338,
            "p(95)": 0.8175689999999999,
            "avg": 0.5212053806614052,
            "min": 0.058868,
            "med": 0.587703,
            "max": 6.10406
        },
        "http_req_failed": {
            "passes": 0,
            "fails": 46477,
            "thresholds": {
                "rate<0.01": false
            },
            "value": 0
        },
        "data_sent": {
            "count": 4043499,
            "rate": 10352.84539276203
        },
        "iteration_duration": {
            "p(95)": 1002.0466446,
            "avg": 1001.3552320258282,
            "min": 1000.120292,
            "med": 1001.359475,
            "max": 1045.090284,
            "p(90)": 1001.9345893999999
        },
        "http_reqs": {
            "count": 46477,
            "rate": 118.99822290531068
        },
        "http_req_sending": {
            "p(95)": 0.0441412,
            "avg": 0.028068194289648463,
            "min": 0.0032,
            "med": 0.030221,
            "max": 0.768633,
            "p(90)": 0.0407664
        },
        "http_req_waiting": {
            "avg": 0.4048403099382515,
            "min": 0.042872,
            "med": 0.442396,
            "max": 4.109988,
            "p(90)": 0.5985666000000001,
            "p(95)": 0.6808846
        },
        "http_req_blocked": {
            "med": 0.011716,
            "max": 43.325815,
            "p(90)": 0.01471,
            "p(95)": 0.016255,
            "avg": 0.014004774339996083,
            "min": 0.001119
        },
        "http_req_duration": {
            "min": 0.058868,
            "med": 0.587703,
            "max": 6.10406,
            "p(90)": 0.7402338,
            "p(95)": 0.8175689999999999,
            "avg": 0.5212053806614052,
            "thresholds": {
                "p(95)<500": false
            }
        },
        "http_req_receiving": {
            "med": 0.101621,
            "max": 5.525267,
            "p(90)": 0.131632,
            "p(95)": 0.14289119999999997,
            "avg": 0.08829687643350452,
            "min": 0.007222
        },
        "http_req_connecting": {
            "avg": 0.003019382813004282,
            "min": 0,
            "med": 0,
            "max": 43.241775,
            "p(90)": 0,
            "p(95)": 0
        },
        "vus": {
            "value": 6,
            "min": 1,
            "max": 299
        },
        "iterations": {
            "count": 46477,
            "rate": 118.99822290531068
        }
    },
    "root_group": {
        "name": "",
        "path": "",
        "id": "d41d8cd98f00b204e9800998ecf8427e",
        "groups": {},
        "checks": {}
    }
}