{
    "root_group": {
        "checks": {},
        "name": "",
        "path": "",
        "id": "d41d8cd98f00b204e9800998ecf8427e",
        "groups": {}
    },
    "metrics": {
        "http_req_sending": {
            "max": 1.027276,
            "p(90)": 0.0393961,
            "p(95)": 0.043353150000000014,
            "avg": 0.02843102418345104,
            "min": 0.003301,
            "med": 0.030071
        },
        "data_sent": {
            "count": 6392760,
            "rate": 13299.20686878773
        },
        "http_req_duration": {
            "p(95)": 0.73838325,
            "avg": 0.5251679140718545,
            "min": 0.062822,
            "med": 0.5813995000000001,
            "max": 6.893416,
            "p(90)": 0.7086268,
            "thresholds": {
                "p(95)<500": false
            }
        },
        "http_req_duration{expected_response:true}": {
            "med": 0.5813995000000001,
            "max": 6.893416,
            "p(90)": 0.7086268,
            "p(95)": 0.73838325,
            "avg": 0.5251679140718545,
            "min": 0.062822
        },
        "http_req_waiting": {
            "avg": 0.40319154519597367,
            "min": 0.043482,
            "med": 0.43852,
            "max": 6.156434,
            "p(90)": 0.5540543000000001,
            "p(95)": 0.5848217500000001
        },
        "iterations": {
            "count": 73480,
            "rate": 152.86444676767508
        },
        "data_received": {
            "count": 62678440,
            "rate": 130393.37309282683
        },
        "http_reqs": {
            "rate": 152.86444676767508,
            "count": 73480
        },
        "http_req_receiving": {
            "min": 0.007373,
            "med": 0.10423299999999999,
            "max": 1.99047,
            "p(90)": 0.1342083,
            "p(95)": 0.1444061,
            "avg": 0.0935453446924342
        },
        "vus": {
            "value": 2,
            "min": 0,
            "max": 349
        },
        "http_req_tls_handshaking": {
            "min": 0,
            "med": 0,
            "max": 0,
            "p(90)": 0,
            "p(95)": 0,
            "avg": 0
        },
        "vus_max": {
            "min": 350,
            "max": 350,
            "value": 350
        },
        "http_req_connecting": {
            "max": 26.040523,
            "p(90)": 0,
            "p(95)": 0,
            "avg": 0.0019903556069678814,
            "min": 0,
            "med": 0
        },
        "http_req_blocked": {
            "p(90)": 0.014857100000000007,
            "p(95)": 0.016185,
            "avg": 0.013161342691889018,
            "min": 0.001195,
            "med": 0.01166,
            "max": 26.156522
        },
        "http_req_failed": {
            "fails": 73480,
            "passes": 0,
            "thresholds": {
                "rate<0.01": false
            },
            "value": 0
        },
        "iteration_duration": {
            "p(90)": 1001.9877522,
            "p(95)": 1002.10816885,
            "avg": 1001.4184015892052,
            "min": 1000.124217,
            "med": 1001.4309465,
            "max": 1027.670683
        }
    }
}