{
    "metrics": {
        "iteration_duration": {
            "med": 1001.441625,
            "max": 1024.133739,
            "p(90)": 1001.9900144,
            "p(95)": 1002.1068268,
            "avg": 1001.4248565370675,
            "min": 1000.103666
        },
        "vus": {
            "value": 2,
            "min": 0,
            "max": 349
        },
        "http_req_waiting": {
            "avg": 0.40135092739224304,
            "min": 0.040254,
            "med": 0.43668,
            "max": 5.635243,
            "p(90)": 0.5469052,
            "p(95)": 0.5803486
        },
        "http_req_receiving": {
            "avg": 0.09409413949943538,
            "min": 0.007446,
            "med": 0.104535,
            "max": 1.476289,
            "p(90)": 0.13377960000000005,
            "p(95)": 0.1441346
        },
        "http_req_duration": {
            "min": 0.05737,
            "med": 0.580779,
            "max": 5.719393,
            "p(90)": 0.7015722000000001,
            "p(95)": 0.7330789999999999,
            "avg": 0.5245798577786309,
            "thresholds": {
                "p(95)<500": false
            }
        },
        "http_req_duration{expected_response:true}": {
            "avg": 0.5245798577786309,
            "min": 0.05737,
            "med": 0.580779,
            "max": 5.719393,
            "p(90)": 0.7015722000000001,
            "p(95)": 0.7330789999999999
        },
        "http_req_failed": {
            "passes": 0,
            "fails": 73477,
            "thresholds": {
                "rate<0.01": false
            },
            "value": 0
        },
        "http_req_blocked": {
            "p(90)": 0.01502,
            "p(95)": 0.016319,
            "avg": 0.013438371531227445,
            "min": 0.001136,
            "med": 0.011898,
            "max": 23.685887
        },
        "data_sent": {
            "count": 6392499,
            "rate": 13298.54878058378
        },
        "http_req_tls_handshaking": {
            "avg": 0,
            "min": 0,
            "med": 0,
            "max": 0,
            "p(90)": 0,
            "p(95)": 0
        },
        "vus_max": {
            "value": 350,
            "min": 350,
            "max": 350
        },
        "iterations": {
            "count": 73477,
            "rate": 152.85688253544575
        },
        "http_reqs": {
            "count": 73477,
            "rate": 152.85688253544575
        },
        "data_received": {
            "count": 62675881,
            "rate": 130386.92080273521
        },
        "http_req_sending": {
            "avg": 0.029134790886944453,
            "min": 0.003161,
            "med": 0.030841,
            "max": 0.728916,
            "p(90)": 0.04011440000000001,
            "p(95)": 0.044042
        },
        "http_req_connecting": {
            "p(90)": 0,
            "p(95)": 0,
            "avg": 0.0020258574383820787,
            "min": 0,
            "med": 0,
            "max": 23.598831
        }
    },
    "root_group": {
        "checks": {},
        "name": "",
        "path": "",
        "id": "d41d8cd98f00b204e9800998ecf8427e",
        "groups": {}
    }
}