{
    "root_group": {
        "groups": {},
        "checks": {},
        "name": "",
        "path": "",
        "id": "d41d8cd98f00b204e9800998ecf8427e"
    },
    "metrics": {
        "http_req_duration": {
            "avg": 0.467903832701935,
            "min": 0.061055,
            "med": 0.560388,
            "max": 2.176394,
            "p(90)": 0.6922162000000001,
            "p(95)": 0.7194609,
            "thresholds": {
                "p(95)<500": false
            }
        },
        "http_req_receiving": {
            "p(90)": 0.13097240000000002,
            "p(95)": 0.14245429999999998,
            "avg": 0.08297105902455841,
            "min": 0.00723,
            "med": 0.099757,
            "max": 1.517592
        },
        "data_sent": {
            "count": 3283989,
            "rate": 13664.211056409575
        },
        "iteration_duration": {
            "avg": 1001.2821649798581,
            "min": 1000.128997,
            "med": 1001.279891,
            "max": 1028.322438,
            "p(90)": 1001.9005639999999,
            "p(95)": 1002.0138724
        },
        "http_reqs": {
            "count": 37747,
            "rate": 157.05989720011004
        },
        "http_req_tls_handshaking": {
            "max": 0,
            "p(90)": 0,
            "p(95)": 0,
            "avg": 0,
            "min": 0,
            "med": 0
        },
        "http_req_waiting": {
            "min": 0.04234,
            "med": 0.419685,
            "max": 1.171835,
            "p(90)": 0.5364030000000001,
            "p(95)": 0.5671231,
            "avg": 0.35870687646700344
        },
        "vus_max": {
            "value": 300,
            "min": 300,
            "max": 300
        },
        "data_received": {
            "count": 32198191,
            "rate": 133972.09231169388
        },
        "iterations": {
            "count": 37747,
            "rate": 157.05989720011004
        },
        "http_req_failed": {
            "passes": 0,
            "fails": 37747,
            "thresholds": {
                "rate<0.01": false
            },
            "value": 0
        },
        "http_req_duration{expected_response:true}": {
            "max": 2.176394,
            "p(90)": 0.6922162000000001,
            "p(95)": 0.7194609,
            "avg": 0.467903832701935,
            "min": 0.061055,
            "med": 0.560388
        },
        "http_req_blocked": {
            "avg": 0.013697446499059606,
            "min": 0.001165,
            "med": 0.011572,
            "max": 26.176012,
            "p(90)": 0.014569,
            "p(95)": 0.016164699999999997
        },
        "http_req_sending": {
            "p(90)": 0.040894,
            "p(95)": 0.0439614,
            "avg": 0.026225897210374483,
            "min": 0.003385,
            "med": 0.029775,
            "max": 0.512321
        },
        "http_req_connecting": {
            "avg": 0.00313856751529923,
            "min": 0,
            "med": 0,
            "max": 26.026034,
            "p(90)": 0,
            "p(95)": 0
        },
        "vus": {
            "value": 1,
            "min": 1,
            "max": 299
        }
    }
}