{
    "root_group": {
        "id": "d41d8cd98f00b204e9800998ecf8427e",
        "groups": {},
        "checks": {},
        "name": "",
        "path": ""
    },
    "metrics": {
        "vus_max": {
            "value": 300,
            "min": 300,
            "max": 300
        },
        "http_req_duration": {
            "med": 0.559607,
            "max": 4.07205,
            "p(90)": 0.6968856,
            "p(95)": 0.7211962,
            "avg": 0.46414968745529084,
            "min": 0.064917,
            "thresholds": {
                "p(95)<500": false
            }
        },
        "iterations": {
            "count": 37745,
            "rate": 157.04617593089353
        },
        "http_reqs": {
            "count": 37745,
            "rate": 157.04617593089353
        },
        "http_req_waiting": {
            "min": 0.045495,
            "med": 0.419969,
            "max": 3.962657,
            "p(90)": 0.5418442,
            "p(95)": 0.5656909999999999,
            "avg": 0.35732034923830963
        },
        "http_req_blocked": {
            "p(90)": 0.014387,
            "p(95)": 0.016003,
            "avg": 0.013551486581004113,
            "min": 0.001148,
            "med": 0.01143,
            "max": 28.105728
        },
        "http_req_sending": {
            "avg": 0.02555270075506704,
            "min": 0.003242,
            "med": 0.029222,
            "max": 0.483355,
            "p(90)": 0.0405926,
            "p(95)": 0.04344139999999999
        },
        "http_req_failed": {
            "passes": 0,
            "fails": 37745,
            "thresholds": {
                "rate<0.01": false
            },
            "value": 0
        },
        "vus": {
            "value": 1,
            "min": 1,
            "max": 299
        },
        "http_req_connecting": {
            "max": 27.931318,
            "p(90)": 0,
            "p(95)": 0,
            "avg": 0.0032309564180686185,
            "min": 0,
            "med": 0
        },
        "data_received": {
            "count": 32196485,
            "rate": 133960.3880690522
        },
        "iteration_duration": {
            "avg": 1001.28304166793,
            "min": 1000.132875,
            "med": 1001.28136,
            "max": 1029.542117,
            "p(90)": 1001.8970956,
            "p(95)": 1002.0089446000001
        },
        "http_req_duration{expected_response:true}": {
            "med": 0.559607,
            "max": 4.07205,
            "p(90)": 0.6968856,
            "p(95)": 0.7211962,
            "avg": 0.46414968745529084,
            "min": 0.064917
        },
        "http_req_receiving": {
            "p(95)": 0.14269659999999992,
            "avg": 0.08127663746191556,
            "min": 0.007088,
            "med": 0.098759,
            "max": 1.070532,
            "p(90)": 0.1304554
        },
        "data_sent": {
            "count": 3283815,
            "rate": 13663.017305987738
        },
        "http_req_tls_handshaking": {
            "avg": 0,
            "min": 0,
            "med": 0,
            "max": 0,
            "p(90)": 0,
            "p(95)": 0
        }
    }
}