{
    "metrics": {
        "http_req_duration": {
            "max": 1.677043,
            "p(90)": 0.7106708,
            "p(95)": 0.7384454,
            "avg": 0.6340703135313528,
            "min": 0.130952,
            "med": 0.66719
        },
        "http_req_blocked": {
            "avg": 0.027675567656765702,
            "min": 0.002382,
            "med": 0.012728,
            "max": 0.617669,
            "p(90)": 0.015066,
            "p(95)": 0.018884500000000002
        },
        "http_req_failed": {
            "passes": 0,
            "fails": 303,
            "value": 0
        },
        "data_received": {
            "count": 258459,
            "rate": 4254.612758502728
        },
        "http_req_tls_handshaking": {
            "avg": 0,
            "min": 0,
            "med": 0,
            "max": 0,
            "p(90)": 0,
            "p(95)": 0
        },
        "http_req_connecting": {
            "p(90)": 0,
            "p(95)": 0,
            "avg": 0.011344273927392737,
            "min": 0,
            "med": 0,
            "max": 0.4407
        },
        "http_req_sending": {
            "med": 0.034417,
            "max": 0.16451,
            "p(90)": 0.044145,
            "p(95)": 0.054598199999999986,
            "avg": 0.03749466996699672,
            "min": 0.006037
        },
        "http_req_waiting": {
            "p(90)": 0.5380092,
            "p(95)": 0.5507129,
            "avg": 0.4776210660066009,
            "min": 0.099958,
            "med": 0.512845,
            "max": 0.566449
        },
        "http_req_receiving": {
            "avg": 0.11895457755775583,
            "min": 0.021654,
            "med": 0.114206,
            "max": 1.10706,
            "p(90)": 0.14893520000000002,
            "p(95)": 0.15717489999999998
        },
        "vus": {
            "max": 9,
            "value": 9,
            "min": 1
        },
        "iterations": {
            "count": 303,
            "rate": 4.9878226946104665
        },
        "http_reqs": {
            "count": 303,
            "rate": 4.9878226946104665
        },
        "vus_max": {
            "value": 10,
            "min": 10,
            "max": 10
        },
        "data_sent": {
            "count": 26361,
            "rate": 433.9405744311106
        },
        "http_req_duration{expected_response:true}": {
            "avg": 0.6340703135313528,
            "min": 0.130952,
            "med": 0.66719,
            "max": 1.677043,
            "p(90)": 0.7106708,
            "p(95)": 0.7384454
        },
        "iteration_duration": {
            "p(90)": 1001.9886672,
            "p(95)": 1002.0471126,
            "avg": 1001.5368863993409,
            "min": 1000.328914,
            "med": 1001.555794,
            "max": 1002.825004
        }
    },
    "root_group": {
        "name": "",
        "path": "",
        "id": "d41d8cd98f00b204e9800998ecf8427e",
        "groups": {},
        "checks": {}
    }
}