{
    "root_group": {
        "checks": {},
        "name": "",
        "path": "",
        "id": "d41d8cd98f00b204e9800998ecf8427e",
        "groups": {}
    },
    "metrics": {
        "http_reqs": {
            "count": 303,
            "rate": 4.987089298875021
        },
        "http_req_sending": {
            "med": 0.034234,
            "max": 0.226833,
            "p(90)": 0.043560600000000005,
            "p(95)": 0.05097199999999996,
            "avg": 0.037851933993399374,
            "min": 0.008999
        },
        "vus": {
            "value": 9,
            "min": 1,
            "max": 9
        },
        "iteration_duration": {
            "min": 1000.43153,
            "med": 1001.64747,
            "max": 1003.162057,
            "p(90)": 1002.045018,
            "p(95)": 1002.1132885,
            "avg": 1001.6029696039603
        },
        "http_req_duration{expected_response:true}": {
            "max": 1.341773,
            "p(90)": 0.7329088,
            "p(95)": 0.7534751,
            "avg": 0.657225749174917,
            "min": 0.14472,
            "med": 0.682172
        },
        "iterations": {
            "count": 303,
            "rate": 4.987089298875021
        },
        "http_req_connecting": {
            "med": 0,
            "max": 0.437949,
            "p(90)": 0,
            "p(95)": 0,
            "avg": 0.010820775577557756,
            "min": 0
        },
        "vus_max": {
            "value": 10,
            "min": 10,
            "max": 10
        },
        "http_req_receiving": {
            "avg": 0.12235970627062696,
            "min": 0.016742,
            "med": 0.116499,
            "max": 0.411459,
            "p(90)": 0.1552464,
            "p(95)": 0.16835399999999995
        },
        "http_req_failed": {
            "passes": 0,
            "fails": 303,
            "value": 0
        },
        "http_req_waiting": {
            "p(95)": 0.5664056,
            "avg": 0.49701410891089104,
            "min": 0.094925,
            "med": 0.520172,
            "max": 0.708254,
            "p(90)": 0.5568922
        },
        "http_req_tls_handshaking": {
            "med": 0,
            "max": 0,
            "p(90)": 0,
            "p(95)": 0,
            "avg": 0,
            "min": 0
        },
        "data_sent": {
            "count": 26361,
            "rate": 433.87676900212676
        },
        "data_received": {
            "count": 258459,
            "rate": 4253.987171940393
        },
        "http_req_duration": {
            "p(90)": 0.7329088,
            "p(95)": 0.7534751,
            "avg": 0.657225749174917,
            "min": 0.14472,
            "med": 0.682172,
            "max": 1.341773
        },
        "http_req_blocked": {
            "med": 0.012906,
            "max": 0.631031,
            "p(90)": 0.0158708,
            "p(95)": 0.019199099999999993,
            "avg": 0.027260207920792073,
            "min": 0.003196
        }
    }
}