{
    "root_group": {
        "name": "",
        "path": "",
        "id": "d41d8cd98f00b204e9800998ecf8427e",
        "groups": {},
        "checks": {}
    },
    "metrics": {
        "http_req_failed": {
            "passes": 0,
            "fails": 4470,
            "thresholds": {
                "rate<0.01": false
            },
            "value": 0
        },
        "vus": {
            "value": 1,
            "min": 1,
            "max": 20
        },
        "iterations": {
            "count": 4470,
            "rate": 10.626227518803253
        },
        "http_req_duration": {
            "avg": 0.6278205774049231,
            "min": 0.090518,
            "med": 0.6667244999999999,
            "max": 1.491196,
            "p(90)": 0.7088597999999999,
            "p(95)": 0.72572865,
            "thresholds": {
                "p(95)<500": false
            }
        },
        "http_reqs": {
            "count": 4470,
            "rate": 10.626227518803253
        },
        "http_req_sending": {
            "p(90)": 0.0434092,
            "p(95)": 0.04834335000000001,
            "avg": 0.036083154362416124,
            "min": 0.005189,
            "med": 0.034948,
            "max": 0.487585
        },
        "http_req_duration{expected_response:true}": {
            "p(95)": 0.72572865,
            "avg": 0.6278205774049231,
            "min": 0.090518,
            "med": 0.6667244999999999,
            "max": 1.491196,
            "p(90)": 0.7088597999999999
        },
        "iteration_duration": {
            "avg": 1001.5017021212528,
            "min": 1000.294608,
            "med": 1001.5198825,
            "max": 1003.453468,
            "p(90)": 1001.9782781,
            "p(95)": 1002.0429008000001
        },
        "http_req_receiving": {
            "p(90)": 0.1470879,
            "p(95)": 0.15664904999999998,
            "avg": 0.11325292885906038,
            "min": 0.016068,
            "med": 0.1123965,
            "max": 0.43269
        },
        "http_req_connecting": {
            "avg": 0.0014994583892617452,
            "min": 0,
            "med": 0,
            "max": 0.451204,
            "p(90)": 0,
            "p(95)": 0
        },
        "vus_max": {
            "value": 20,
            "min": 20,
            "max": 20
        },
        "http_req_tls_handshaking": {
            "max": 0,
            "p(90)": 0,
            "p(95)": 0,
            "avg": 0,
            "min": 0,
            "med": 0
        },
        "http_req_waiting": {
            "med": 0.513184,
            "max": 1.082441,
            "p(90)": 0.5441832,
            "p(95)": 0.5547006499999999,
            "avg": 0.47848449418344474,
            "min": 0.066733
        },
        "http_req_blocked": {
            "p(95)": 0.016796750000000003,
            "avg": 0.014664227516778552,
            "min": 0.002126,
            "med": 0.012795,
            "max": 0.601596,
            "p(90)": 0.014925699999999998
        },
        "data_sent": {
            "count": 388890,
            "rate": 924.481794135883
        },
        "data_received": {
            "count": 3812910,
            "rate": 9064.172073539174
        }
    }
}