{
    "root_group": {
        "name": "",
        "path": "",
        "id": "d41d8cd98f00b204e9800998ecf8427e",
        "groups": {},
        "checks": {}
    },
    "metrics": {
        "vus": {
            "max": 20,
            "value": 1,
            "min": 1
        },
        "data_sent": {
            "count": 388890,
            "rate": 924.4720053193195
        },
        "http_req_waiting": {
            "p(90)": 0.5586810999999999,
            "p(95)": 0.5659249,
            "avg": 0.47260133042505553,
            "min": 0.067971,
            "med": 0.5178119999999999,
            "max": 1.607975
        },
        "iterations": {
            "count": 4470,
            "rate": 10.62611500367034
        },
        "http_req_failed": {
            "passes": 0,
            "fails": 4470,
            "thresholds": {
                "rate<0.01": false
            },
            "value": 0
        },
        "http_req_duration": {
            "p(90)": 0.722195,
            "p(95)": 0.7379864,
            "avg": 0.6188763257270696,
            "min": 0.090613,
            "med": 0.6767110000000001,
            "max": 2.539003,
            "thresholds": {
                "p(95)<500": false
            }
        },
        "vus_max": {
            "value": 20,
            "min": 20,
            "max": 20
        },
        "http_req_duration{expected_response:true}": {
            "avg": 0.6188763257270696,
            "min": 0.090613,
            "med": 0.6767110000000001,
            "max": 2.539003,
            "p(90)": 0.722195,
            "p(95)": 0.7379864
        },
        "http_reqs": {
            "rate": 10.62611500367034,
            "count": 4470
        },
        "http_req_blocked": {
            "p(90)": 0.0152283,
            "p(95)": 0.01689955,
            "avg": 0.014510460626398197,
            "min": 0.002113,
            "med": 0.012959499999999999,
            "max": 0.613512
        },
        "http_req_tls_handshaking": {
            "avg": 0,
            "min": 0,
            "med": 0,
            "max": 0,
            "p(90)": 0,
            "p(95)": 0
        },
        "iteration_duration": {
            "avg": 1001.504394467338,
            "min": 1000.234917,
            "med": 1001.5364314999999,
            "max": 1004.324434,
            "p(90)": 1001.9890665,
            "p(95)": 1002.05408215
        },
        "http_req_receiving": {
            "max": 0.981934,
            "p(90)": 0.1467752,
            "p(95)": 0.15648085,
            "avg": 0.11079406689038043,
            "min": 0.01516,
            "med": 0.11300199999999999
        },
        "data_received": {
            "count": 3812910,
            "rate": 9064.0760981308
        },
        "http_req_sending": {
            "avg": 0.03548092841163313,
            "min": 0.004868,
            "med": 0.0350755,
            "max": 0.662218,
            "p(90)": 0.0442523,
            "p(95)": 0.049485350000000004
        },
        "http_req_connecting": {
            "p(95)": 0,
            "avg": 0.0016140812080536915,
            "min": 0,
            "med": 0,
            "max": 0.454982,
            "p(90)": 0
        }
    }
}