{
    "metrics": {
        "http_req_connecting": {
            "avg": 0.0019491830615966683,
            "min": 0,
            "med": 0,
            "max": 17.721843,
            "p(90)": 0,
            "p(95)": 0
        },
        "http_req_receiving": {
            "max": 1.909517,
            "p(90)": 0.13422810000000002,
            "p(95)": 0.14416174999999998,
            "avg": 0.09538565384196536,
            "min": 0.007387,
            "med": 0.104909
        },
        "iterations": {
            "count": 73478,
            "rate": 152.8663342955437
        },
        "http_req_waiting": {
            "min": 0.040284,
            "med": 0.43641399999999997,
            "max": 5.856287,
            "p(90)": 0.5491823,
            "p(95)": 0.58095645,
            "avg": 0.40576465770706766
        },
        "http_req_duration": {
            "avg": 0.53041293941043,
            "min": 0.05818,
            "med": 0.5797525,
            "max": 6.129738,
            "p(90)": 0.703492,
            "p(95)": 0.7343912499999998,
            "thresholds": {
                "p(95)<500": false
            }
        },
        "http_req_sending": {
            "avg": 0.029262627861400436,
            "min": 0.003233,
            "med": 0.0305,
            "max": 1.430881,
            "p(90)": 0.039609,
            "p(95)": 0.043632
        },
        "vus_max": {
            "min": 350,
            "max": 350,
            "value": 350
        },
        "http_req_duration{expected_response:true}": {
            "max": 6.129738,
            "p(90)": 0.703492,
            "p(95)": 0.7343912499999998,
            "avg": 0.53041293941043,
            "min": 0.05818,
            "med": 0.5797525
        },
        "vus": {
            "min": 0,
            "max": 349,
            "value": 2
        },
        "http_req_blocked": {
            "min": 0.001116,
            "med": 0.011762,
            "max": 17.846574,
            "p(90)": 0.01489,
            "p(95)": 0.016239149999999994,
            "avg": 0.013368038215520246
        },
        "http_req_tls_handshaking": {
            "p(90)": 0,
            "p(95)": 0,
            "avg": 0,
            "min": 0,
            "med": 0,
            "max": 0
        },
        "http_req_failed": {
            "passes": 0,
            "fails": 73478,
            "thresholds": {
                "rate<0.01": false
            },
            "value": 0
        },
        "data_received": {
            "count": 62676734,
            "rate": 130394.98315409878
        },
        "data_sent": {
            "count": 6392586,
            "rate": 13299.371083712302
        },
        "iteration_duration": {
            "p(95)": 1002.1140024,
            "avg": 1001.4289834926713,
            "min": 1000.119212,
            "med": 1001.441395,
            "max": 1019.069224,
            "p(90)": 1001.9981402999999
        },
        "http_reqs": {
            "count": 73478,
            "rate": 152.8663342955437
        }
    },
    "root_group": {
        "name": "",
        "path": "",
        "id": "d41d8cd98f00b204e9800998ecf8427e",
        "groups": {},
        "checks": {}
    }
}