{
    "root_group": {
        "name": "",
        "path": "",
        "id": "d41d8cd98f00b204e9800998ecf8427e",
        "groups": {},
        "checks": {}
    },
    "metrics": {
        "http_reqs": {
            "count": 73481,
            "rate": 152.86548771624766
        },
        "vus_max": {
            "value": 350,
            "min": 350,
            "max": 350
        },
        "http_req_waiting": {
            "avg": 0.40272488516760013,
            "min": 0.042544,
            "med": 0.434386,
            "max": 6.455922,
            "p(90)": 0.547236,
            "p(95)": 0.578859
        },
        "http_req_duration": {
            "max": 6.691663,
            "p(90)": 0.701576,
            "p(95)": 0.733294,
            "avg": 0.5275359685905172,
            "min": 0.057785,
            "med": 0.577721,
            "thresholds": {
                "p(95)<500": false
            }
        },
        "data_sent": {
            "count": 6392847,
            "rate": 13299.297431313547
        },
        "data_received": {
            "count": 62679293,
            "rate": 130394.26102195926
        },
        "iterations": {
            "count": 73481,
            "rate": 152.86548771624766
        },
        "http_req_connecting": {
            "med": 0,
            "max": 16.615361,
            "p(90)": 0,
            "p(95)": 0,
            "avg": 0.0018843772675929827,
            "min": 0
        },
        "http_req_tls_handshaking": {
            "max": 0,
            "p(90)": 0,
            "p(95)": 0,
            "avg": 0,
            "min": 0,
            "med": 0
        },
        "http_req_receiving": {
            "avg": 0.09530510312869983,
            "min": 0.007411,
            "med": 0.104692,
            "max": 2.245167,
            "p(90)": 0.134299,
            "p(95)": 0.14482
        },
        "iteration_duration": {
            "avg": 1001.4259936705909,
            "min": 1000.132987,
            "med": 1001.441064,
            "max": 1017.963497,
            "p(90)": 1001.99477,
            "p(95)": 1002.115076
        },
        "http_req_duration{expected_response:true}": {
            "avg": 0.5275359685905172,
            "min": 0.057785,
            "med": 0.577721,
            "max": 6.691663,
            "p(90)": 0.701576,
            "p(95)": 0.733294
        },
        "http_req_sending": {
            "avg": 0.029505980294225673,
            "min": 0.003359,
            "med": 0.030786,
            "max": 1.115587,
            "p(90)": 0.040025,
            "p(95)": 0.043872
        },
        "vus": {
            "value": 2,
            "min": 0,
            "max": 349
        },
        "http_req_failed": {
            "fails": 73481,
            "passes": 0,
            "thresholds": {
                "rate<0.01": false
            },
            "value": 0
        },
        "http_req_blocked": {
            "p(90)": 0.015059,
            "p(95)": 0.016338,
            "avg": 0.013401967501802952,
            "min": 0.001207,
            "med": 0.011919,
            "max": 16.734601
        }
    }
}