{
    "root_group": {
        "id": "d41d8cd98f00b204e9800998ecf8427e",
        "groups": {},
        "checks": {},
        "name": "",
        "path": ""
    },
    "metrics": {
        "iteration_duration": {
            "p(90)": 1001.9790727000001,
            "p(95)": 1002.0500288,
            "avg": 1001.5014038425047,
            "min": 1000.236855,
            "med": 1001.5407090000001,
            "max": 1003.376435
        },
        "data_sent": {
            "count": 388890,
            "rate": 924.4790338165303
        },
        "http_req_receiving": {
            "min": 0.008708,
            "med": 0.11141799999999999,
            "max": 1.348719,
            "p(90)": 0.14598099999999997,
            "p(95)": 0.1546508,
            "avg": 0.11114448948545848
        },
        "data_received": {
            "count": 3812910,
            "rate": 9064.145009718395
        },
        "http_req_tls_handshaking": {
            "p(90)": 0,
            "p(95)": 0,
            "avg": 0,
            "min": 0,
            "med": 0,
            "max": 0
        },
        "http_req_sending": {
            "p(95)": 0.04955755000000001,
            "avg": 0.03586499038031324,
            "min": 0.004981,
            "med": 0.0349025,
            "max": 0.771494,
            "p(90)": 0.043737399999999996
        },
        "iterations": {
            "count": 4470,
            "rate": 10.626195790994602
        },
        "http_req_failed": {
            "fails": 4470,
            "passes": 0,
            "thresholds": {
                "rate<0.01": false
            },
            "value": 0
        },
        "http_req_waiting": {
            "avg": 0.4705154510067119,
            "min": 0.061843,
            "med": 0.5104059999999999,
            "max": 1.424891,
            "p(90)": 0.5423929,
            "p(95)": 0.55294005
        },
        "vus": {
            "value": 1,
            "min": 1,
            "max": 20
        },
        "http_req_duration": {
            "med": 0.6632885,
            "max": 2.247618,
            "p(90)": 0.7055517,
            "p(95)": 0.7214063000000001,
            "avg": 0.6175249308724823,
            "min": 0.083753,
            "thresholds": {
                "p(95)<500": false
            }
        },
        "http_reqs": {
            "count": 4470,
            "rate": 10.626195790994602
        },
        "http_req_blocked": {
            "avg": 0.01517531297539145,
            "min": 0.002038,
            "med": 0.013055,
            "max": 0.681904,
            "p(90)": 0.0155552,
            "p(95)": 0.01709285
        },
        "vus_max": {
            "value": 20,
            "min": 20,
            "max": 20
        },
        "http_req_duration{expected_response:true}": {
            "avg": 0.6175249308724823,
            "min": 0.083753,
            "med": 0.6632885,
            "max": 2.247618,
            "p(90)": 0.7055517,
            "p(95)": 0.7214063000000001
        },
        "http_req_connecting": {
            "min": 0,
            "med": 0,
            "max": 0.47072,
            "p(90)": 0,
            "p(95)": 0,
            "avg": 0.0017885991051454137
        }
    }
}