{
    "root_group": {
        "name": "",
        "path": "",
        "id": "d41d8cd98f00b204e9800998ecf8427e",
        "groups": {},
        "checks": {}
    },
    "metrics": {
        "http_req_waiting": {
            "p(95)": 0.5674991,
            "avg": 0.47807457807606263,
            "min": 0.067883,
            "med": 0.521478,
            "max": 1.11045,
            "p(90)": 0.5598461
        },
        "http_req_sending": {
            "avg": 0.034818305816554894,
            "min": 0.004959,
            "med": 0.0347915,
            "max": 0.220528,
            "p(90)": 0.0434789,
            "p(95)": 0.048187900000000006
        },
        "http_reqs": {
            "count": 4470,
            "rate": 10.626106994817741
        },
        "http_req_connecting": {
            "avg": 0.0017506351230425056,
            "min": 0,
            "med": 0,
            "max": 0.472651,
            "p(90)": 0,
            "p(95)": 0
        },
        "http_req_tls_handshaking": {
            "min": 0,
            "med": 0,
            "max": 0,
            "p(90)": 0,
            "p(95)": 0,
            "avg": 0
        },
        "vus_max": {
            "max": 20,
            "value": 20,
            "min": 20
        },
        "data_sent": {
            "count": 388890,
            "rate": 924.4713085491434
        },
        "http_req_duration": {
            "p(90)": 0.7248649,
            "p(95)": 0.73898655,
            "avg": 0.6243773281879208,
            "min": 0.092664,
            "med": 0.6797519999999999,
            "max": 1.488054,
            "thresholds": {
                "p(95)<500": false
            }
        },
        "iteration_duration": {
            "avg": 1001.5001962158877,
            "min": 1000.234417,
            "med": 1001.534877,
            "max": 1002.847091,
            "p(90)": 1001.9874764,
            "p(95)": 1002.05402735
        },
        "iterations": {
            "count": 4470,
            "rate": 10.626106994817741
        },
        "http_req_blocked": {
            "avg": 0.014832546085011191,
            "min": 0.002024,
            "med": 0.012947,
            "max": 0.629669,
            "p(90)": 0.015282,
            "p(95)": 0.017093
        },
        "vus": {
            "value": 1,
            "min": 1,
            "max": 20
        },
        "data_received": {
            "count": 3812910,
            "rate": 9064.069266579532
        },
        "http_req_failed": {
            "passes": 0,
            "fails": 4470,
            "thresholds": {
                "rate<0.01": false
            },
            "value": 0
        },
        "http_req_receiving": {
            "avg": 0.11148444429530185,
            "min": 0.01102,
            "med": 0.112666,
            "max": 0.947752,
            "p(90)": 0.1464647,
            "p(95)": 0.1566407
        },
        "http_req_duration{expected_response:true}": {
            "avg": 0.6243773281879208,
            "min": 0.092664,
            "med": 0.6797519999999999,
            "max": 1.488054,
            "p(90)": 0.7248649,
            "p(95)": 0.73898655
        }
    }
}