{
    "metrics": {
        "iterations": {
            "count": 37749,
            "rate": 157.06468123967497
        },
        "http_req_blocked": {
            "avg": 0.013617605049140386,
            "min": 0.001227,
            "med": 0.011149,
            "max": 53.244528,
            "p(90)": 0.014218,
            "p(95)": 0.0158506
        },
        "iteration_duration": {
            "avg": 1001.2235495596708,
            "min": 1000.122026,
            "med": 1001.208035,
            "max": 1054.877638,
            "p(90)": 1001.8638956,
            "p(95)": 1001.9834006
        },
        "http_req_tls_handshaking": {
            "med": 0,
            "max": 0,
            "p(90)": 0,
            "p(95)": 0,
            "avg": 0,
            "min": 0
        },
        "http_req_waiting": {
            "avg": 0.33745692704442387,
            "min": 0.040642,
            "med": 0.406537,
            "max": 6.093956,
            "p(90)": 0.5409428000000001,
            "p(95)": 0.569744
        },
        "http_reqs": {
            "count": 37749,
            "rate": 157.06468123967497
        },
        "vus": {
            "max": 299,
            "value": 1,
            "min": 1
        },
        "http_req_connecting": {
            "avg": 0.003948496278047103,
            "min": 0,
            "med": 0,
            "max": 53.186278,
            "p(90)": 0,
            "p(95)": 0
        },
        "http_req_receiving": {
            "max": 0.936496,
            "p(90)": 0.130716,
            "p(95)": 0.14284439999999995,
            "avg": 0.07603412755304786,
            "min": 0.007254,
            "med": 0.095372
        },
        "http_req_failed": {
            "passes": 0,
            "fails": 37749,
            "thresholds": {
                "rate<0.01": false
            },
            "value": 0
        },
        "data_sent": {
            "count": 3284163,
            "rate": 13664.627267851722
        },
        "vus_max": {
            "value": 300,
            "min": 300,
            "max": 300
        },
        "http_req_sending": {
            "med": 0.028279,
            "max": 0.555902,
            "p(90)": 0.039479200000000006,
            "p(95)": 0.042967799999999993,
            "avg": 0.023681614956687563,
            "min": 0.003211
        },
        "http_req_duration": {
            "p(90)": 0.6992242000000001,
            "p(95)": 0.7277558000000001,
            "avg": 0.43717266955415923,
            "min": 0.057569,
            "med": 0.546565,
            "max": 6.304822,
            "thresholds": {
                "p(95)<500": false
            }
        },
        "http_req_duration{expected_response:true}": {
            "avg": 0.43717266955415923,
            "min": 0.057569,
            "med": 0.546565,
            "max": 6.304822,
            "p(90)": 0.6992242000000001,
            "p(95)": 0.7277558000000001
        },
        "data_received": {
            "count": 32199897,
            "rate": 133976.17309744275
        }
    },
    "root_group": {
        "name": "",
        "path": "",
        "id": "d41d8cd98f00b204e9800998ecf8427e",
        "groups": {},
        "checks": {}
    }
}