{
    "metrics": {
        "http_req_duration{expected_response:true}": {
            "avg": 0.4552777509734837,
            "min": 0.063941,
            "med": 0.558513,
            "max": 6.152506,
            "p(90)": 0.700164,
            "p(95)": 0.7287399999999999
        },
        "iteration_duration": {
            "min": 1000.127884,
            "med": 1001.239006,
            "max": 1023.330375,
            "p(90)": 1001.882816,
            "p(95)": 1002.0018110000001,
            "avg": 1001.2541955815539
        },
        "data_sent": {
            "count": 3284337,
            "rate": 13667.65334517049
        },
        "data_received": {
            "count": 32201603,
            "rate": 134005.84256816586
        },
        "iterations": {
            "count": 37751,
            "rate": 157.09946373759183
        },
        "http_req_connecting": {
            "p(95)": 0,
            "avg": 0.0031073224285449405,
            "min": 0,
            "med": 0,
            "max": 21.752679,
            "p(90)": 0
        },
        "http_req_sending": {
            "min": 0.00327,
            "med": 0.02922,
            "max": 0.642343,
            "p(90)": 0.04018,
            "p(95)": 0.0436475,
            "avg": 0.024983578580699783
        },
        "vus": {
            "value": 1,
            "min": 1,
            "max": 299
        },
        "http_req_duration": {
            "avg": 0.4552777509734837,
            "min": 0.063941,
            "med": 0.558513,
            "max": 6.152506,
            "p(90)": 0.700164,
            "p(95)": 0.7287399999999999,
            "thresholds": {
                "p(95)<500": false
            }
        },
        "http_req_tls_handshaking": {
            "avg": 0,
            "min": 0,
            "med": 0,
            "max": 0,
            "p(90)": 0,
            "p(95)": 0
        },
        "http_req_receiving": {
            "avg": 0.07980882474636485,
            "min": 0.007283,
            "med": 0.09781,
            "max": 1.411456,
            "p(90)": 0.13147,
            "p(95)": 0.1432005
        },
        "http_req_blocked": {
            "med": 0.011354,
            "max": 21.816293,
            "p(90)": 0.014375,
            "p(95)": 0.016008,
            "avg": 0.01316751619824642,
            "min": 0.001256
        },
        "http_reqs": {
            "count": 37751,
            "rate": 157.09946373759183
        },
        "http_req_waiting": {
            "max": 6.00013,
            "p(90)": 0.542056,
            "p(95)": 0.569868,
            "avg": 0.3504853476464175,
            "min": 0.046196,
            "med": 0.417967
        },
        "vus_max": {
            "min": 300,
            "max": 300,
            "value": 300
        },
        "http_req_failed": {
            "fails": 37751,
            "passes": 0,
            "thresholds": {
                "rate<0.01": false
            },
            "value": 0
        }
    },
    "root_group": {
        "name": "",
        "path": "",
        "id": "d41d8cd98f00b204e9800998ecf8427e",
        "groups": {},
        "checks": {}
    }
}