{
    "root_group": {
        "name": "",
        "path": "",
        "id": "d41d8cd98f00b204e9800998ecf8427e",
        "groups": {},
        "checks": {}
    },
    "metrics": {
        "http_req_blocked": {
            "max": 35.613394,
            "p(90)": 0.014841,
            "p(95)": 0.016057,
            "avg": 0.014062833178191493,
            "min": 0.00104,
            "med": 0.011225
        },
        "http_req_connecting": {
            "min": 0,
            "med": 0,
            "max": 35.478742,
            "p(90)": 0,
            "p(95)": 0,
            "avg": 0.0030922954787234043
        },
        "http_req_tls_handshaking": {
            "med": 0,
            "max": 0,
            "p(90)": 0,
            "p(95)": 0,
            "avg": 0,
            "min": 0
        },
        "http_req_waiting": {
            "avg": 0.4146593126108161,
            "min": 0.036983,
            "med": 0.42673649999999996,
            "max": 6.068307,
            "p(90)": 0.622147,
            "p(95)": 0.6982509999999998
        },
        "http_reqs": {
            "count": 45120,
            "rate": 214.20927069718277
        },
        "http_req_duration{expected_response:true}": {
            "max": 6.254394,
            "p(90)": 0.7634605999999999,
            "p(95)": 0.8437556999999992,
            "avg": 0.5352353910239444,
            "min": 0.049927,
            "med": 0.568106
        },
        "vus": {
            "value": 6,
            "min": 1,
            "max": 300
        },
        "http_req_duration": {
            "min": 0.049927,
            "med": 0.568106,
            "max": 6.254394,
            "p(90)": 0.7634605999999999,
            "p(95)": 0.8437556999999992,
            "avg": 0.5352353910239444,
            "thresholds": {
                "p(95)<500": false
            }
        },
        "http_req_failed": {
            "passes": 0,
            "fails": 45120,
            "thresholds": {
                "rate<0.01": false
            },
            "value": 0
        },
        "iteration_duration": {
            "p(95)": 1002.14635715,
            "avg": 1001.367714766382,
            "min": 1000.131177,
            "med": 1001.3532789999999,
            "max": 1037.168631,
            "p(90)": 1001.9833805000001
        },
        "vus_max": {
            "min": 300,
            "max": 300,
            "value": 300
        },
        "http_req_receiving": {
            "max": 3.529097,
            "p(90)": 0.1315265,
            "p(95)": 0.14304505,
            "avg": 0.09185250086436202,
            "min": 0.007004,
            "med": 0.098519
        },
        "data_received": {
            "count": 38487360,
            "rate": 182720.50790469692
        },
        "iterations": {
            "rate": 214.20927069718277,
            "count": 45120
        },
        "data_sent": {
            "count": 3925440,
            "rate": 18636.2065506549
        },
        "http_req_sending": {
            "min": 0.002902,
            "med": 0.0289495,
            "max": 3.32807,
            "p(90)": 0.0382321,
            "p(95)": 0.04272559999999995,
            "avg": 0.028723577548758508
        }
    }
}