{
    "root_group": {
        "name": "",
        "path": "",
        "id": "d41d8cd98f00b204e9800998ecf8427e",
        "groups": {},
        "checks": {}
    },
    "metrics": {
        "http_req_blocked": {
            "min": 0.001118,
            "med": 0.0111675,
            "max": 27.868683,
            "p(90)": 0.014825,
            "p(95)": 0.016029,
            "avg": 0.014269413608156027
        },
        "vus_max": {
            "value": 300,
            "min": 300,
            "max": 300
        },
        "data_received": {
            "count": 38487360,
            "rate": 182689.5460713735
        },
        "data_sent": {
            "count": 3925440,
            "rate": 18633.04866144138
        },
        "iterations": {
            "rate": 214.17297312001583,
            "count": 45120
        },
        "http_req_duration{expected_response:true}": {
            "p(95)": 0.87148425,
            "avg": 0.5559476372783694,
            "min": 0.056002,
            "med": 0.57749,
            "max": 6.41379,
            "p(90)": 0.7821262
        },
        "iteration_duration": {
            "min": 1000.109853,
            "med": 1001.3862115,
            "max": 1028.756601,
            "p(90)": 1002.0220709,
            "p(95)": 1002.1932213,
            "avg": 1001.4011165897372
        },
        "http_req_connecting": {
            "max": 27.739922,
            "p(90)": 0,
            "p(95)": 0,
            "avg": 0.00294316484929078,
            "min": 0,
            "med": 0
        },
        "http_req_waiting": {
            "avg": 0.43134639607712627,
            "min": 0.038832,
            "med": 0.434373,
            "max": 5.890408,
            "p(90)": 0.6394591,
            "p(95)": 0.72211755
        },
        "http_req_receiving": {
            "avg": 0.09495658244680903,
            "min": 0.006703,
            "med": 0.100029,
            "max": 2.815341,
            "p(90)": 0.13247530000000002,
            "p(95)": 0.143892
        },
        "http_req_failed": {
            "passes": 0,
            "fails": 45120,
            "thresholds": {
                "rate<0.01": false
            },
            "value": 0
        },
        "http_req_tls_handshaking": {
            "p(95)": 0,
            "avg": 0,
            "min": 0,
            "med": 0,
            "max": 0,
            "p(90)": 0
        },
        "vus": {
            "value": 6,
            "min": 1,
            "max": 300
        },
        "http_req_sending": {
            "avg": 0.02964465875443272,
            "min": 0.002986,
            "med": 0.028889,
            "max": 3.007826,
            "p(90)": 0.038255,
            "p(95)": 0.04311309999999999
        },
        "http_reqs": {
            "count": 45120,
            "rate": 214.17297312001583
        },
        "http_req_duration": {
            "avg": 0.5559476372783694,
            "min": 0.056002,
            "med": 0.57749,
            "max": 6.41379,
            "p(90)": 0.7821262,
            "p(95)": 0.87148425,
            "thresholds": {
                "p(95)<500": false
            }
        }
    }
}