{
    "metrics": {
        "http_req_sending": {
            "p(90)": 0.0434683,
            "p(95)": 0.0481455,
            "avg": 0.03486666532438482,
            "min": 0.004999,
            "med": 0.034485,
            "max": 0.879707
        },
        "vus_max": {
            "value": 20,
            "min": 20,
            "max": 20
        },
        "vus": {
            "value": 1,
            "min": 1,
            "max": 20
        },
        "data_sent": {
            "count": 388890,
            "rate": 924.4997002982361
        },
        "http_req_duration{expected_response:true}": {
            "med": 0.6662585,
            "max": 2.392491,
            "p(90)": 0.7094864,
            "p(95)": 0.72495365,
            "avg": 0.6082700071588367,
            "min": 0.09489
        },
        "http_req_receiving": {
            "med": 0.11345350000000001,
            "max": 0.575941,
            "p(90)": 0.1476463,
            "p(95)": 0.15774745,
            "avg": 0.11085300425055983,
            "min": 0.015529
        },
        "http_reqs": {
            "count": 4470,
            "rate": 10.626433336761334
        },
        "data_received": {
            "rate": 9064.347636257418,
            "count": 3812910
        },
        "http_req_tls_handshaking": {
            "p(95)": 0,
            "avg": 0,
            "min": 0,
            "med": 0,
            "max": 0,
            "p(90)": 0
        },
        "iteration_duration": {
            "p(90)": 1001.9826812,
            "p(95)": 1002.0414814000001,
            "avg": 1001.4803759353458,
            "min": 1000.231899,
            "med": 1001.5034525,
            "max": 1003.88604
        },
        "http_req_duration": {
            "avg": 0.6082700071588367,
            "min": 0.09489,
            "med": 0.6662585,
            "max": 2.392491,
            "p(90)": 0.7094864,
            "p(95)": 0.72495365,
            "thresholds": {
                "p(95)<500": false
            }
        },
        "http_req_failed": {
            "passes": 0,
            "fails": 4470,
            "thresholds": {
                "rate<0.01": false
            },
            "value": 0
        },
        "iterations": {
            "count": 4470,
            "rate": 10.626433336761334
        },
        "http_req_blocked": {
            "avg": 0.014481425279642055,
            "min": 0.002191,
            "med": 0.012896,
            "max": 0.606422,
            "p(90)": 0.0148785,
            "p(95)": 0.01652685
        },
        "http_req_connecting": {
            "med": 0,
            "max": 0.448691,
            "p(90)": 0,
            "p(95)": 0,
            "avg": 0.001595091722595078,
            "min": 0
        },
        "http_req_waiting": {
            "med": 0.5095415,
            "max": 0.936843,
            "p(90)": 0.5420446,
            "p(95)": 0.5533012500000001,
            "avg": 0.4625503375838926,
            "min": 0.070658
        }
    },
    "root_group": {
        "path": "",
        "id": "d41d8cd98f00b204e9800998ecf8427e",
        "groups": {},
        "checks": {},
        "name": ""
    }
}