{
    "metrics": {
        "http_req_duration": {
            "max": 1.702036,
            "p(90)": 0.7118133,
            "p(95)": 0.726922,
            "avg": 0.6047155237136477,
            "min": 0.086447,
            "med": 0.665733,
            "thresholds": {
                "p(95)<500": false
            }
        },
        "iterations": {
            "count": 4470,
            "rate": 10.62642758556978
        },
        "data_sent": {
            "count": 388890,
            "rate": 924.4991999445708
        },
        "http_req_duration{expected_response:true}": {
            "p(90)": 0.7118133,
            "p(95)": 0.726922,
            "avg": 0.6047155237136477,
            "min": 0.086447,
            "med": 0.665733,
            "max": 1.702036
        },
        "http_req_receiving": {
            "min": 0.008625,
            "med": 0.1116055,
            "max": 1.043396,
            "p(90)": 0.1450883,
            "p(95)": 0.15394350000000004,
            "avg": 0.1085058599552572
        },
        "vus": {
            "max": 20,
            "value": 1,
            "min": 1
        },
        "http_req_blocked": {
            "med": 0.0128375,
            "max": 0.679299,
            "p(90)": 0.015230200000000001,
            "p(95)": 0.01698155,
            "avg": 0.014535491946308701,
            "min": 0.001977
        },
        "http_req_connecting": {
            "med": 0,
            "max": 0.453852,
            "p(90)": 0,
            "p(95)": 0,
            "avg": 0.0017290796420581654,
            "min": 0
        },
        "iteration_duration": {
            "avg": 1001.4876486574938,
            "min": 1000.212265,
            "med": 1001.522425,
            "max": 1004.327977,
            "p(90)": 1001.9790128999999,
            "p(95)": 1002.04823305
        },
        "http_req_tls_handshaking": {
            "med": 0,
            "max": 0,
            "p(90)": 0,
            "p(95)": 0,
            "avg": 0,
            "min": 0
        },
        "http_req_failed": {
            "passes": 0,
            "fails": 4470,
            "thresholds": {
                "rate<0.01": false
            },
            "value": 0
        },
        "http_reqs": {
            "count": 4470,
            "rate": 10.62642758556978
        },
        "http_req_waiting": {
            "p(90)": 0.5493197,
            "p(95)": 0.55785855,
            "avg": 0.46122692930648745,
            "min": 0.064986,
            "med": 0.5110105,
            "max": 0.738924
        },
        "vus_max": {
            "value": 20,
            "min": 20,
            "max": 20
        },
        "http_req_sending": {
            "max": 0.888415,
            "p(90)": 0.0436398,
            "p(95)": 0.049077,
            "avg": 0.03498273445190163,
            "min": 0.004823,
            "med": 0.034824999999999995
        },
        "data_received": {
            "count": 3812910,
            "rate": 9064.342730491022
        }
    },
    "root_group": {
        "id": "d41d8cd98f00b204e9800998ecf8427e",
        "groups": {},
        "checks": {},
        "name": "",
        "path": ""
    }
}