{
    "root_group": {
        "checks": {},
        "name": "",
        "path": "",
        "id": "d41d8cd98f00b204e9800998ecf8427e",
        "groups": {}
    },
    "metrics": {
        "http_req_receiving": {
            "max": 1.670075,
            "p(90)": 0.133144,
            "p(95)": 0.145305,
            "avg": 0.08733442653987623,
            "min": 0.006979,
            "med": 0.101536
        },
        "http_req_failed": {
            "passes": 0,
            "fails": 46481,
            "thresholds": {
                "rate<0.01": false
            },
            "value": 0
        },
        "http_req_blocked": {
            "avg": 0.013375679331339735,
            "min": 0.001183,
            "med": 0.011584,
            "max": 20.779045,
            "p(90)": 0.014621,
            "p(95)": 0.016204
        },
        "vus_max": {
            "value": 300,
            "min": 300,
            "max": 300
        },
        "http_req_waiting": {
            "med": 0.443148,
            "max": 5.510911,
            "p(90)": 0.595705,
            "p(95)": 0.674468,
            "avg": 0.4020413658484124,
            "min": 0.038924
        },
        "http_req_duration{expected_response:true}": {
            "med": 0.588227,
            "max": 6.30823,
            "p(90)": 0.741824,
            "p(95)": 0.812531,
            "avg": 0.5167481346786879,
            "min": 0.055163
        },
        "http_req_tls_handshaking": {
            "avg": 0,
            "min": 0,
            "med": 0,
            "max": 0,
            "p(90)": 0,
            "p(95)": 0
        },
        "data_sent": {
            "count": 4043847,
            "rate": 10353.721128236075
        },
        "vus": {
            "value": 6,
            "min": 1,
            "max": 299
        },
        "iterations": {
            "count": 46481,
            "rate": 119.0082888302997
        },
        "http_req_duration": {
            "avg": 0.5167481346786879,
            "min": 0.055163,
            "med": 0.588227,
            "max": 6.30823,
            "p(90)": 0.741824,
            "p(95)": 0.812531,
            "thresholds": {
                "p(95)<500": false
            }
        },
        "http_reqs": {
            "count": 46481,
            "rate": 119.0082888302997
        },
        "http_req_sending": {
            "max": 1.173734,
            "p(90)": 0.040673,
            "p(95)": 0.043882,
            "avg": 0.027372342290398394,
            "min": 0.003181,
            "med": 0.029809
        },
        "iteration_duration": {
            "p(95)": 1002.045747,
            "avg": 1001.345357473719,
            "min": 1000.138949,
            "med": 1001.347859,
            "max": 1022.723068,
            "p(90)": 1001.936034
        },
        "http_req_connecting": {
            "avg": 0.0025846512123233164,
            "min": 0,
            "med": 0,
            "max": 20.71751,
            "p(90)": 0,
            "p(95)": 0
        },
        "data_received": {
            "count": 39648293,
            "rate": 101514.07037224565
        }
    }
}