{
    "root_group": {
        "path": "",
        "id": "d41d8cd98f00b204e9800998ecf8427e",
        "groups": {},
        "checks": {},
        "name": ""
    },
    "metrics": {
        "http_reqs": {
            "count": 46479,
            "rate": 118.99507116486859
        },
        "http_req_tls_handshaking": {
            "p(95)": 0,
            "avg": 0,
            "min": 0,
            "med": 0,
            "max": 0,
            "p(90)": 0
        },
        "vus": {
            "value": 6,
            "min": 1,
            "max": 299
        },
        "data_received": {
            "count": 39646587,
            "rate": 101502.7957036329
        },
        "http_req_connecting": {
            "avg": 0.0027172744465242373,
            "min": 0,
            "med": 0,
            "max": 23.855005,
            "p(90)": 0,
            "p(95)": 0
        },
        "data_sent": {
            "count": 4043673,
            "rate": 10352.571191343568
        },
        "http_req_sending": {
            "avg": 0.027742033498999494,
            "min": 0.003189,
            "med": 0.030259,
            "max": 0.826519,
            "p(90)": 0.041159,
            "p(95)": 0.04436339999999999
        },
        "http_req_receiving": {
            "avg": 0.08716110449880668,
            "min": 0.007289,
            "med": 0.101338,
            "max": 2.147789,
            "p(90)": 0.1321592,
            "p(95)": 0.143958
        },
        "iterations": {
            "count": 46479,
            "rate": 118.99507116486859
        },
        "http_req_blocked": {
            "med": 0.011753,
            "max": 23.977814,
            "p(90)": 0.014727,
            "p(95)": 0.016293099999999998,
            "avg": 0.013634755803696247,
            "min": 0.001148
        },
        "http_req_duration{expected_response:true}": {
            "avg": 0.5091949358204789,
            "min": 0.05649,
            "med": 0.583786,
            "max": 2.781011,
            "p(90)": 0.7242930000000001,
            "p(95)": 0.7844538
        },
        "iteration_duration": {
            "med": 1001.343305,
            "max": 1025.116722,
            "p(90)": 1001.9234574,
            "p(95)": 1002.0357013,
            "avg": 1001.3383198022517,
            "min": 1000.104677
        },
        "http_req_waiting": {
            "avg": 0.39429179782267215,
            "min": 0.039346,
            "med": 0.439454,
            "max": 2.177652,
            "p(90)": 0.5751692000000002,
            "p(95)": 0.6442707
        },
        "http_req_duration": {
            "p(90)": 0.7242930000000001,
            "p(95)": 0.7844538,
            "avg": 0.5091949358204789,
            "min": 0.05649,
            "med": 0.583786,
            "max": 2.781011,
            "thresholds": {
                "p(95)<500": false
            }
        },
        "vus_max": {
            "min": 300,
            "max": 300,
            "value": 300
        },
        "http_req_failed": {
            "fails": 46479,
            "passes": 0,
            "thresholds": {
                "rate<0.01": false
            },
            "value": 0
        }
    }
}