{
    "root_group": {
        "name": "",
        "path": "",
        "id": "d41d8cd98f00b204e9800998ecf8427e",
        "groups": {},
        "checks": {}
    },
    "metrics": {
        "vus_max": {
            "min": 300,
            "max": 300,
            "value": 300
        },
        "iteration_duration": {
            "avg": 1001.2746563809725,
            "min": 1000.119003,
            "med": 1001.274028,
            "max": 1029.445446,
            "p(90)": 1001.8991226,
            "p(95)": 1002.00967855
        },
        "http_req_connecting": {
            "p(90)": 0,
            "p(95)": 0,
            "avg": 0.0031827951414644478,
            "min": 0,
            "med": 0,
            "max": 28.521237
        },
        "http_req_duration": {
            "avg": 0.46541071762742897,
            "min": 0.061656,
            "med": 0.5591035,
            "max": 4.97945,
            "p(90)": 0.6930547,
            "p(95)": 0.7186228,
            "thresholds": {
                "p(95)<500": false
            }
        },
        "http_reqs": {
            "count": 37748,
            "rate": 157.06815898563326
        },
        "http_req_waiting": {
            "p(95)": 0.56352015,
            "avg": 0.35721103865105547,
            "min": 0.041037,
            "med": 0.41946649999999996,
            "max": 4.630024,
            "p(90)": 0.5359413000000001
        },
        "http_req_receiving": {
            "min": 0.007347,
            "med": 0.099486,
            "max": 1.283329,
            "p(90)": 0.13103010000000004,
            "p(95)": 0.14321910000000004,
            "avg": 0.08235218236727733
        },
        "iterations": {
            "count": 37748,
            "rate": 157.06815898563326
        },
        "data_received": {
            "count": 32199044,
            "rate": 133979.13961474516
        },
        "http_req_sending": {
            "avg": 0.02584749660909193,
            "min": 0.003171,
            "med": 0.0293595,
            "max": 0.914442,
            "p(90)": 0.0408863,
            "p(95)": 0.043825
        },
        "http_req_duration{expected_response:true}": {
            "max": 4.97945,
            "p(90)": 0.6930547,
            "p(95)": 0.7186228,
            "avg": 0.46541071762742897,
            "min": 0.061656,
            "med": 0.5591035
        },
        "http_req_failed": {
            "passes": 0,
            "fails": 37748,
            "thresholds": {
                "rate<0.01": false
            },
            "value": 0
        },
        "vus": {
            "min": 1,
            "max": 299,
            "value": 1
        },
        "http_req_blocked": {
            "med": 0.011524,
            "max": 28.582418,
            "p(90)": 0.01455,
            "p(95)": 0.01626065,
            "avg": 0.013597683983257476,
            "min": 0.001142
        },
        "http_req_tls_handshaking": {
            "p(95)": 0,
            "avg": 0,
            "min": 0,
            "med": 0,
            "max": 0,
            "p(90)": 0
        },
        "data_sent": {
            "count": 3284076,
            "rate": 13664.929831750092
        }
    }
}