{
    "metrics": {
        "http_req_duration{expected_response:true}": {
            "avg": 0.4576480100937804,
            "min": 0.062116,
            "med": 0.551724,
            "max": 5.439053,
            "p(90)": 0.6859744999999999,
            "p(95)": 0.712456
        },
        "http_req_blocked": {
            "med": 0.0115315,
            "max": 24.448835,
            "p(90)": 0.014427,
            "p(95)": 0.0160695,
            "avg": 0.013623374158851278,
            "min": 0.001146
        },
        "http_req_tls_handshaking": {
            "avg": 0,
            "min": 0,
            "med": 0,
            "max": 0,
            "p(90)": 0,
            "p(95)": 0
        },
        "data_sent": {
            "count": 3283902,
            "rate": 13663.19696341376
        },
        "http_req_sending": {
            "min": 0.00332,
            "med": 0.029361,
            "max": 0.459098,
            "p(90)": 0.040578,
            "p(95)": 0.0435325,
            "avg": 0.025632711545593993
        },
        "http_req_duration": {
            "avg": 0.4576480100937804,
            "min": 0.062116,
            "med": 0.551724,
            "max": 5.439053,
            "p(90)": 0.6859744999999999,
            "p(95)": 0.712456,
            "thresholds": {
                "p(95)<500": false
            }
        },
        "vus_max": {
            "value": 300,
            "min": 300,
            "max": 300
        },
        "iterations": {
            "count": 37746,
            "rate": 157.04824095877885
        },
        "http_req_connecting": {
            "p(95)": 0,
            "avg": 0.0032098344725268904,
            "min": 0,
            "med": 0,
            "max": 24.292875,
            "p(90)": 0
        },
        "http_req_waiting": {
            "max": 5.042481,
            "p(90)": 0.5295665,
            "p(95)": 0.56052725,
            "avg": 0.35121367061410763,
            "min": 0.043616,
            "med": 0.41326700000000005
        },
        "http_req_failed": {
            "passes": 0,
            "fails": 37746,
            "thresholds": {
                "rate<0.01": false
            },
            "value": 0
        },
        "http_req_receiving": {
            "p(90)": 0.1297395,
            "p(95)": 0.14190025,
            "avg": 0.0808016279340856,
            "min": 0.007084,
            "med": 0.098114,
            "max": 0.949064
        },
        "data_received": {
            "count": 32197338,
            "rate": 133962.14953783836
        },
        "iteration_duration": {
            "avg": 1001.2677170661563,
            "min": 1000.136055,
            "med": 1001.267252,
            "max": 1025.647458,
            "p(90)": 1001.884356,
            "p(95)": 1001.99642525
        },
        "http_reqs": {
            "count": 37746,
            "rate": 157.04824095877885
        },
        "vus": {
            "value": 1,
            "min": 1,
            "max": 299
        }
    },
    "root_group": {
        "name": "",
        "path": "",
        "id": "d41d8cd98f00b204e9800998ecf8427e",
        "groups": {},
        "checks": {}
    }
}