{
    "root_group": {
        "name": "",
        "path": "",
        "id": "d41d8cd98f00b204e9800998ecf8427e",
        "groups": {},
        "checks": {}
    },
    "metrics": {
        "http_req_failed": {
            "passes": 0,
            "fails": 46480,
            "thresholds": {
                "rate<0.01": false
            },
            "value": 0
        },
        "vus_max": {
            "min": 300,
            "max": 300,
            "value": 300
        },
        "http_reqs": {
            "count": 46480,
            "rate": 119.00464795277801
        },
        "http_req_receiving": {
            "p(95)": 0.14447919999999997,
            "avg": 0.08864801458691886,
            "min": 0.007115,
            "med": 0.1026385,
            "max": 1.452316,
            "p(90)": 0.1327712
        },
        "http_req_duration": {
            "avg": 0.5249332817340763,
            "min": 0.057961,
            "med": 0.595011,
            "max": 3.354712,
            "p(90)": 0.7431651,
            "p(95)": 0.813814,
            "thresholds": {
                "p(95)<500": false
            }
        },
        "http_req_connecting": {
            "avg": 0.003196198386402754,
            "min": 0,
            "med": 0,
            "max": 47.605726,
            "p(90)": 0,
            "p(95)": 0
        },
        "vus": {
            "value": 6,
            "min": 1,
            "max": 299
        },
        "iteration_duration": {
            "p(90)": 1001.9414605,
            "p(95)": 1002.0523624,
            "avg": 1001.3496510727396,
            "min": 1000.10871,
            "med": 1001.3553939999999,
            "max": 1048.764811
        },
        "iterations": {
            "count": 46480,
            "rate": 119.00464795277801
        },
        "http_req_blocked": {
            "avg": 0.014198814952667702,
            "min": 0.001123,
            "med": 0.01172,
            "max": 47.670872,
            "p(90)": 0.014742,
            "p(95)": 0.016329
        },
        "http_req_sending": {
            "min": 0.003044,
            "med": 0.0300955,
            "max": 0.961164,
            "p(90)": 0.04076729999999999,
            "p(95)": 0.04384409999999999,
            "avg": 0.027809999397590563
        },
        "data_sent": {
            "count": 4043760,
            "rate": 10353.404371891687
        },
        "http_req_duration{expected_response:true}": {
            "max": 3.354712,
            "p(90)": 0.7431651,
            "p(95)": 0.813814,
            "avg": 0.5249332817340763,
            "min": 0.057961,
            "med": 0.595011
        },
        "data_received": {
            "count": 39647440,
            "rate": 101510.96470371964
        },
        "http_req_tls_handshaking": {
            "avg": 0,
            "min": 0,
            "med": 0,
            "max": 0,
            "p(90)": 0,
            "p(95)": 0
        },
        "http_req_waiting": {
            "p(90)": 0.595769,
            "p(95)": 0.6734174499999999,
            "avg": 0.4084752677495685,
            "min": 0.040205,
            "med": 0.449284,
            "max": 3.169353
        }
    }
}