{
    "root_group": {
        "name": "",
        "path": "",
        "id": "d41d8cd98f00b204e9800998ecf8427e",
        "groups": {},
        "checks": {}
    },
    "metrics": {
        "data_received": {
            "rate": 101511.60090192288,
            "count": 39645734
        },
        "http_req_receiving": {
            "min": 0.007309,
            "med": 0.10208300000000001,
            "max": 1.366785,
            "p(90)": 0.1319423,
            "p(95)": 0.14393235000000001,
            "avg": 0.08850407900512075
        },
        "http_req_duration": {
            "avg": 0.5188645555962025,
            "min": 0.053085,
            "med": 0.5875835,
            "max": 6.13737,
            "p(90)": 0.7323198000000001,
            "p(95)": 0.80062575,
            "thresholds": {
                "p(95)<500": false
            }
        },
        "http_req_waiting": {
            "max": 5.882883,
            "p(90)": 0.5863615000000001,
            "p(95)": 0.66199225,
            "avg": 0.4022507518826111,
            "min": 0.036936,
            "med": 0.442434
        },
        "iterations": {
            "rate": 119.00539378888966,
            "count": 46478
        },
        "data_sent": {
            "count": 4043586,
            "rate": 10353.4692596334
        },
        "http_req_connecting": {
            "avg": 0.002528434700288308,
            "min": 0,
            "med": 0,
            "max": 21.000657,
            "p(90)": 0,
            "p(95)": 0
        },
        "vus": {
            "max": 299,
            "value": 6,
            "min": 1
        },
        "iteration_duration": {
            "max": 1022.44114,
            "p(90)": 1001.9352364,
            "p(95)": 1002.0433533500001,
            "avg": 1001.3534526677614,
            "min": 1000.133089,
            "med": 1001.356845
        },
        "http_reqs": {
            "count": 46478,
            "rate": 119.00539378888966
        },
        "http_req_blocked": {
            "med": 0.01168,
            "max": 21.035437,
            "p(90)": 0.014666300000000004,
            "p(95)": 0.016205,
            "avg": 0.013479593140840724,
            "min": 0.001172
        },
        "vus_max": {
            "min": 300,
            "max": 300,
            "value": 300
        },
        "http_req_tls_handshaking": {
            "min": 0,
            "med": 0,
            "max": 0,
            "p(90)": 0,
            "p(95)": 0,
            "avg": 0
        },
        "http_req_duration{expected_response:true}": {
            "max": 6.13737,
            "p(90)": 0.7323198000000001,
            "p(95)": 0.80062575,
            "avg": 0.5188645555962025,
            "min": 0.053085,
            "med": 0.5875835
        },
        "http_req_failed": {
            "passes": 0,
            "fails": 46478,
            "thresholds": {
                "rate<0.01": false
            },
            "value": 0
        },
        "http_req_sending": {
            "p(90)": 0.0407703,
            "p(95)": 0.044249,
            "avg": 0.02810972470846418,
            "min": 0.002909,
            "med": 0.030259,
            "max": 4.658974
        }
    }
}