{
    "root_group": {
        "name": "",
        "path": "",
        "id": "d41d8cd98f00b204e9800998ecf8427e",
        "groups": {},
        "checks": {}
    },
    "metrics": {
        "http_req_tls_handshaking": {
            "p(90)": 0,
            "p(95)": 0,
            "avg": 0,
            "min": 0,
            "med": 0,
            "max": 0
        },
        "http_req_waiting": {
            "avg": 9.683724270419736,
            "min": 1.774299,
            "med": 7.8777265,
            "max": 174.748643,
            "p(90)": 18.2011196,
            "p(95)": 23.41722384999999
        },
        "iteration_duration": {
            "avg": 1010.3175552496186,
            "min": 1001.89383,
            "med": 1008.5979305,
            "max": 1175.756364,
            "p(90)": 1018.8838079999999,
            "p(95)": 1024.13168675
        },
        "data_received": {
            "count": 6602012,
            "rate": 15701.54493296034
        },
        "http_req_blocked": {
            "p(95)": 0.013875449999999994,
            "avg": 0.007039058800171039,
            "min": 0.001084,
            "med": 0.002446,
            "max": 0.605357,
            "p(90)": 0.012809
        },
        "http_req_receiving": {
            "avg": 0.025338714215895803,
            "min": 0.005924,
            "med": 0.017642,
            "max": 0.515453,
            "p(90)": 0.04514879999999999,
            "p(95)": 0.06557529999999999
        },
        "http_req_duration{expected_response:true}": {
            "avg": 9.723233016677915,
            "min": 1.821844,
            "med": 7.9206775,
            "max": 174.815595,
            "p(90)": 18.233787799999998,
            "p(95)": 23.46771984999999
        },
        "http_req_connecting": {
            "med": 0,
            "max": 0.468603,
            "p(90)": 0,
            "p(95)": 0,
            "avg": 0.0014018147107337036,
            "min": 0
        },
        "data_sent": {
            "count": 3241062,
            "rate": 7708.2078347495135
        },
        "vus": {
            "value": 1,
            "min": 1,
            "max": 150
        },
        "iterations": {
            "count": 32738,
            "rate": 77.86068519949004
        },
        "http_req_failed": {
            "passes": 0,
            "fails": 32738,
            "thresholds": {
                "rate<0.01": false
            },
            "value": 0
        },
        "http_req_duration": {
            "avg": 9.723233016677915,
            "min": 1.821844,
            "med": 7.9206775,
            "max": 174.815595,
            "p(90)": 18.233787799999998,
            "p(95)": 23.46771984999999,
            "thresholds": {
                "p(95)<500": false
            }
        },
        "http_req_sending": {
            "max": 0.235573,
            "p(90)": 0.0364343,
            "p(95)": 0.041992,
            "avg": 0.01417003204227503,
            "min": 0.00314,
            "med": 0.005823
        },
        "vus_max": {
            "value": 150,
            "min": 150,
            "max": 150
        },
        "http_reqs": {
            "count": 32738,
            "rate": 77.86068519949004
        }
    }
}