{
    "root_group": {
        "groups": {},
        "checks": {},
        "name": "",
        "path": "",
        "id": "d41d8cd98f00b204e9800998ecf8427e"
    },
    "metrics": {
        "http_req_connecting": {
            "avg": 0.0011398464512986021,
            "min": 0,
            "med": 0,
            "max": 0.43604,
            "p(90)": 0,
            "p(95)": 0
        },
        "http_req_blocked": {
            "p(90)": 0.014284,
            "p(95)": 0.015394,
            "avg": 0.010103349815790308,
            "min": 0.001144,
            "med": 0.010574,
            "max": 0.603315
        },
        "http_req_receiving": {
            "med": 0.019134,
            "max": 0.354763,
            "p(90)": 0.042364599999999995,
            "p(95)": 0.0956017,
            "avg": 0.026563892336266524,
            "min": 0.006527
        },
        "http_reqs": {
            "count": 32843,
            "rate": 78.01078750492417
        },
        "http_req_duration{expected_response:true}": {
            "avg": 6.472669014828153,
            "min": 1.858784,
            "med": 5.643296,
            "max": 73.061468,
            "p(90)": 11.7518338,
            "p(95)": 12.619173499999999
        },
        "http_req_tls_handshaking": {
            "avg": 0,
            "min": 0,
            "med": 0,
            "max": 0,
            "p(90)": 0,
            "p(95)": 0
        },
        "http_req_duration": {
            "avg": 6.472669014828153,
            "min": 1.858784,
            "med": 5.643296,
            "max": 73.061468,
            "p(90)": 11.7518338,
            "p(95)": 12.619173499999999,
            "thresholds": {
                "p(95)<500": false
            }
        },
        "http_req_failed": {
            "fails": 32843,
            "passes": 0,
            "thresholds": {
                "rate<0.01": false
            },
            "value": 0
        },
        "vus_max": {
            "value": 150,
            "min": 150,
            "max": 150
        },
        "data_received": {
            "count": 6618722,
            "rate": 15721.210470912118
        },
        "http_req_sending": {
            "p(90)": 0.0408226,
            "p(95)": 0.044961199999999986,
            "avg": 0.024242294857351656,
            "min": 0.003288,
            "med": 0.028784,
            "max": 1.934489
        },
        "vus": {
            "value": 1,
            "min": 1,
            "max": 150
        },
        "data_sent": {
            "count": 3251457,
            "rate": 7723.067962987492
        },
        "http_req_waiting": {
            "min": 1.842082,
            "med": 5.597251,
            "max": 72.931106,
            "p(90)": 11.628715199999998,
            "p(95)": 12.519555299999997,
            "avg": 6.421862827634502
        },
        "iteration_duration": {
            "min": 1001.957811,
            "med": 1006.227567,
            "max": 1073.603186,
            "p(90)": 1012.3223798,
            "p(95)": 1013.4356676,
            "avg": 1007.0835470168635
        },
        "iterations": {
            "count": 32843,
            "rate": 78.01078750492417
        }
    }
}