{
    "metrics": {
        "http_req_duration": {
            "p(90)": 11.184580900000002,
            "p(95)": 12.195791199999999,
            "avg": 6.1898124219415225,
            "min": 1.856777,
            "med": 5.2556595,
            "max": 62.405909,
            "thresholds": {
                "p(95)<500": false
            }
        },
        "http_req_tls_handshaking": {
            "med": 0,
            "max": 0,
            "p(90)": 0,
            "p(95)": 0,
            "avg": 0,
            "min": 0
        },
        "http_req_duration{expected_response:true}": {
            "p(90)": 11.184580900000002,
            "p(95)": 12.195791199999999,
            "avg": 6.1898124219415225,
            "min": 1.856777,
            "med": 5.2556595,
            "max": 62.405909
        },
        "http_req_receiving": {
            "avg": 0.02513054251369449,
            "min": 0.006682,
            "med": 0.019084,
            "max": 0.527584,
            "p(90)": 0.036244200000000004,
            "p(95)": 0.07124049999999998
        },
        "vus_max": {
            "value": 150,
            "min": 150,
            "max": 150
        },
        "http_reqs": {
            "count": 32860,
            "rate": 78.05961844277866
        },
        "http_req_waiting": {
            "med": 5.210383,
            "max": 62.347478,
            "p(90)": 11.129885900000005,
            "p(95)": 12.093614699999998,
            "avg": 6.142750125258688,
            "min": 1.836039
        },
        "http_req_connecting": {
            "p(95)": 0,
            "avg": 0.001319054230066951,
            "min": 0,
            "med": 0,
            "max": 0.474452,
            "p(90)": 0
        },
        "data_sent": {
            "count": 3253140,
            "rate": 7727.902225835087
        },
        "http_req_failed": {
            "passes": 0,
            "fails": 32860,
            "thresholds": {
                "rate<0.01": false
            },
            "value": 0
        },
        "vus": {
            "value": 1,
            "min": 1,
            "max": 150
        },
        "iterations": {
            "count": 32860,
            "rate": 78.05961844277866
        },
        "data_received": {
            "count": 6623511,
            "rate": 15734.289148251592
        },
        "http_req_blocked": {
            "med": 0.0073595,
            "max": 0.637528,
            "p(90)": 0.014046,
            "p(95)": 0.015112249999999997,
            "avg": 0.009490114303104159,
            "min": 0.001035
        },
        "http_req_sending": {
            "p(95)": 0.0442471,
            "avg": 0.021931754169202802,
            "min": 0.003339,
            "med": 0.0212455,
            "max": 0.730964,
            "p(90)": 0.040265
        },
        "iteration_duration": {
            "p(95)": 1013.1784235,
            "avg": 1006.7594551029547,
            "min": 1001.938886,
            "med": 1005.807755,
            "max": 1063.413036,
            "p(90)": 1011.753876
        }
    },
    "root_group": {
        "name": "",
        "path": "",
        "id": "d41d8cd98f00b204e9800998ecf8427e",
        "groups": {},
        "checks": {}
    }
}