{
    "root_group": {
        "name": "",
        "path": "",
        "id": "d41d8cd98f00b204e9800998ecf8427e",
        "groups": {},
        "checks": {}
    },
    "metrics": {
        "http_req_waiting": {
            "avg": 10.081218706340765,
            "min": 1.793404,
            "med": 8.185096,
            "max": 73.289272,
            "p(90)": 19.2596566,
            "p(95)": 24.176369599999997
        },
        "http_req_failed": {
            "passes": 0,
            "fails": 32725,
            "thresholds": {
                "rate<0.01": false
            },
            "value": 0
        },
        "http_req_duration{expected_response:true}": {
            "avg": 10.119800232880072,
            "min": 1.815121,
            "med": 8.221959,
            "max": 73.34416,
            "p(90)": 19.294656200000006,
            "p(95)": 24.215344799999993
        },
        "vus_max": {
            "value": 150,
            "min": 150,
            "max": 150
        },
        "data_sent": {
            "rate": 7707.84992278954,
            "count": 3239775
        },
        "vus": {
            "value": 1,
            "min": 1,
            "max": 150
        },
        "http_req_receiving": {
            "med": 0.017326,
            "max": 0.383818,
            "p(90)": 0.043942600000000005,
            "p(95)": 0.06297399999999997,
            "avg": 0.024684077005347374,
            "min": 0.006332
        },
        "http_reqs": {
            "count": 32725,
            "rate": 77.85706992716707
        },
        "http_req_tls_handshaking": {
            "avg": 0,
            "min": 0,
            "med": 0,
            "max": 0,
            "p(90)": 0,
            "p(95)": 0
        },
        "http_req_duration": {
            "avg": 10.119800232880072,
            "min": 1.815121,
            "med": 8.221959,
            "max": 73.34416,
            "p(90)": 19.294656200000006,
            "p(95)": 24.215344799999993,
            "thresholds": {
                "p(95)<500": false
            }
        },
        "http_req_blocked": {
            "avg": 0.006718461726508811,
            "min": 0.001074,
            "med": 0.002393,
            "max": 0.65076,
            "p(90)": 0.012738600000000003,
            "p(95)": 0.013906
        },
        "http_req_sending": {
            "min": 0.003038,
            "med": 0.00576,
            "max": 4.015225,
            "p(90)": 0.03633020000000001,
            "p(95)": 0.0418948,
            "avg": 0.013897449533995446
        },
        "iteration_duration": {
            "p(90)": 1019.8672204000001,
            "p(95)": 1024.7620332,
            "avg": 1010.7098133002617,
            "min": 1001.888955,
            "med": 1008.841947,
            "max": 1074.603437
        },
        "http_req_connecting": {
            "p(90)": 0,
            "p(95)": 0,
            "avg": 0.0012643323147440784,
            "min": 0,
            "med": 0,
            "max": 0.440399
        },
        "data_received": {
            "rate": 15700.693598046777,
            "count": 6599339
        },
        "iterations": {
            "count": 32725,
            "rate": 77.85706992716707
        }
    }
}