{
    "root_group": {
        "name": "",
        "path": "",
        "id": "d41d8cd98f00b204e9800998ecf8427e",
        "groups": {},
        "checks": {}
    },
    "metrics": {
        "data_received": {
            "count": 6616528,
            "rate": 15744.093345744557
        },
        "http_req_sending": {
            "avg": 0.025462779693019792,
            "min": 0.003422,
            "med": 0.029501,
            "max": 1.183492,
            "p(90)": 0.0407895,
            "p(95)": 0.04505525
        },
        "data_sent": {
            "count": 3250764,
            "rate": 7735.22485826191
        },
        "http_req_blocked": {
            "p(90)": 0.014335,
            "p(95)": 0.015395,
            "avg": 0.010790443324400014,
            "min": 0.001081,
            "med": 0.010791,
            "max": 0.623186
        },
        "http_req_receiving": {
            "avg": 0.027514715921549582,
            "min": 0.006581,
            "med": 0.0191085,
            "max": 1.056598,
            "p(90)": 0.045922500000000005,
            "p(95)": 0.1023735
        },
        "iterations": {
            "count": 32836,
            "rate": 78.13358442688799
        },
        "http_req_connecting": {
            "min": 0,
            "med": 0,
            "max": 0.505391,
            "p(90)": 0,
            "p(95)": 0,
            "avg": 0.0013498013765379463
        },
        "vus_max": {
            "max": 150,
            "value": 150,
            "min": 150
        },
        "http_req_failed": {
            "passes": 0,
            "fails": 32836,
            "thresholds": {
                "rate<0.01": false
            },
            "value": 0
        },
        "http_reqs": {
            "count": 32836,
            "rate": 78.13358442688799
        },
        "iteration_duration": {
            "min": 1001.97166,
            "med": 1006.4114185000001,
            "max": 1088.766637,
            "p(90)": 1012.530278,
            "p(95)": 1013.90333,
            "avg": 1007.2735284495677
        },
        "http_req_duration": {
            "med": 5.777603,
            "max": 88.45177,
            "p(90)": 11.84878,
            "p(95)": 13.196494999999999,
            "avg": 6.635399930259471,
            "min": 1.869416,
            "thresholds": {
                "p(95)<500": false
            }
        },
        "http_req_waiting": {
            "min": 1.845225,
            "med": 5.7298805,
            "max": 88.283181,
            "p(90)": 11.708643,
            "p(95)": 13.102035749999999,
            "avg": 6.582422434644899
        },
        "vus": {
            "value": 1,
            "min": 1,
            "max": 150
        },
        "http_req_tls_handshaking": {
            "avg": 0,
            "min": 0,
            "med": 0,
            "max": 0,
            "p(90)": 0,
            "p(95)": 0
        },
        "http_req_duration{expected_response:true}": {
            "med": 5.777603,
            "max": 88.45177,
            "p(90)": 11.84878,
            "p(95)": 13.196494999999999,
            "avg": 6.635399930259471,
            "min": 1.869416
        }
    }
}