{
    "root_group": {
        "name": "",
        "path": "",
        "id": "d41d8cd98f00b204e9800998ecf8427e",
        "groups": {},
        "checks": {}
    },
    "metrics": {
        "http_req_sending": {
            "avg": 0.023439745166691995,
            "min": 0.003339,
            "med": 0.028144,
            "max": 4.582358,
            "p(90)": 0.040617600000000004,
            "p(95)": 0.044550599999999996
        },
        "http_req_duration{expected_response:true}": {
            "med": 5.2043985,
            "max": 56.91648,
            "p(90)": 11.5579479,
            "p(95)": 12.5399281,
            "avg": 6.3771489186761166,
            "min": 1.86788
        },
        "http_req_failed": {
            "passes": 1,
            "fails": 32844,
            "thresholds": {
                "rate<0.01": false
            },
            "value": 0.000030446034404018876
        },
        "http_reqs": {
            "count": 32845,
            "rate": 78.20018212971414
        },
        "http_req_blocked": {
            "p(90)": 0.014175,
            "p(95)": 0.0152718,
            "avg": 0.009926071243720407,
            "min": 0.001095,
            "med": 0.010244,
            "max": 0.627405
        },
        "http_req_connecting": {
            "med": 0,
            "max": 0.45392,
            "p(90)": 0,
            "p(95)": 0,
            "avg": 0.001259076510884457,
            "min": 0
        },
        "http_req_tls_handshaking": {
            "min": 0,
            "med": 0,
            "max": 0,
            "p(90)": 0,
            "p(95)": 0,
            "avg": 0
        },
        "http_req_receiving": {
            "med": 0.019046,
            "max": 1.754778,
            "p(90)": 0.04262180000000001,
            "p(95)": 0.0939554,
            "avg": 0.026582444451210246,
            "min": 0.006554
        },
        "vus": {
            "value": 1,
            "min": 1,
            "max": 150
        },
        "iteration_duration": {
            "avg": 1006.9888797302211,
            "min": 1001.933546,
            "med": 1005.823604,
            "max": 1057.510656,
            "p(90)": 1012.1641716,
            "p(95)": 1013.398824
        },
        "data_received": {
            "count": 6619532,
            "rate": 15760.347328770615
        },
        "http_req_waiting": {
            "med": 5.154407,
            "max": 56.856516,
            "p(90)": 11.474229800000003,
            "p(95)": 12.446764799999999,
            "avg": 6.326959887623711,
            "min": 0.759802
        },
        "iterations": {
            "count": 32845,
            "rate": 78.20018212971414
        },
        "vus_max": {
            "value": 150,
            "min": 150,
            "max": 150
        },
        "data_sent": {
            "count": 3251655,
            "rate": 7741.8180308416995
        },
        "http_req_duration": {
            "min": 0.897242,
            "med": 5.204291,
            "max": 56.91648,
            "p(90)": 11.557911200000001,
            "p(95)": 12.539901799999999,
            "avg": 6.37698207724154,
            "thresholds": {
                "p(95)<500": false
            }
        }
    }
}