{
    "root_group": {
        "name": "",
        "path": "",
        "id": "d41d8cd98f00b204e9800998ecf8427e",
        "groups": {},
        "checks": {}
    },
    "metrics": {
        "data_received": {
            "rate": 133963.78053045252,
            "count": 32195632
        },
        "http_reqs": {
            "count": 37744,
            "rate": 157.0501530251495
        },
        "http_req_duration": {
            "avg": 0.4598182697117428,
            "min": 0.061862,
            "med": 0.556306,
            "max": 2.556906,
            "p(90)": 0.6960776000000001,
            "p(95)": 0.71968025,
            "thresholds": {
                "p(95)<500": false
            }
        },
        "http_req_receiving": {
            "avg": 0.08085198564010193,
            "min": 0.007311,
            "med": 0.098286,
            "max": 0.885042,
            "p(90)": 0.1307117,
            "p(95)": 0.14321969999999998
        },
        "vus": {
            "value": 1,
            "min": 1,
            "max": 299
        },
        "iterations": {
            "count": 37744,
            "rate": 157.0501530251495
        },
        "http_req_tls_handshaking": {
            "p(95)": 0,
            "avg": 0,
            "min": 0,
            "med": 0,
            "max": 0,
            "p(90)": 0
        },
        "data_sent": {
            "count": 3283728,
            "rate": 13663.363313188007
        },
        "http_req_duration{expected_response:true}": {
            "avg": 0.4598182697117428,
            "min": 0.061862,
            "med": 0.556306,
            "max": 2.556906,
            "p(90)": 0.6960776000000001,
            "p(95)": 0.71968025
        },
        "http_req_connecting": {
            "avg": 0.0037334272997032623,
            "min": 0,
            "med": 0,
            "max": 46.553387,
            "p(90)": 0,
            "p(95)": 0
        },
        "http_req_waiting": {
            "min": 0.043101,
            "med": 0.416912,
            "max": 2.419827,
            "p(90)": 0.5408388,
            "p(95)": 0.5634411,
            "avg": 0.35358555645930606
        },
        "http_req_sending": {
            "p(95)": 0.043534,
            "avg": 0.025380727612335667,
            "min": 0.003185,
            "med": 0.029177,
            "max": 0.528637,
            "p(90)": 0.04011640000000001
        },
        "http_req_failed": {
            "passes": 0,
            "fails": 37744,
            "thresholds": {
                "rate<0.01": false
            },
            "value": 0
        },
        "vus_max": {
            "value": 300,
            "min": 300,
            "max": 300
        },
        "iteration_duration": {
            "min": 1000.120552,
            "med": 1001.263195,
            "max": 1048.464128,
            "p(90)": 1001.9005576,
            "p(95)": 1002.01390655,
            "avg": 1001.271601006148
        },
        "http_req_blocked": {
            "avg": 0.013984624311148818,
            "min": 0.001213,
            "med": 0.011404,
            "max": 46.615956,
            "p(90)": 0.014395700000000004,
            "p(95)": 0.016021
        }
    }
}