{
    "root_group": {
        "name": "",
        "path": "",
        "id": "d41d8cd98f00b204e9800998ecf8427e",
        "groups": {},
        "checks": {}
    },
    "metrics": {
        "vus": {
            "max": 299,
            "value": 1,
            "min": 1
        },
        "http_req_tls_handshaking": {
            "p(95)": 0,
            "avg": 0,
            "min": 0,
            "med": 0,
            "max": 0,
            "p(90)": 0
        },
        "http_req_receiving": {
            "avg": 0.08022850609335998,
            "min": 0.007188,
            "med": 0.097632,
            "max": 0.941656,
            "p(90)": 0.12900850000000003,
            "p(95)": 0.14130474999999998
        },
        "data_received": {
            "count": 32197338,
            "rate": 133968.25926644652
        },
        "http_req_blocked": {
            "avg": 0.013108654718380684,
            "min": 0.001108,
            "med": 0.011522,
            "max": 13.757199,
            "p(90)": 0.0144595,
            "p(95)": 0.016127
        },
        "data_sent": {
            "count": 3283902,
            "rate": 13663.820112755975
        },
        "iterations": {
            "count": 37746,
            "rate": 157.05540359489626
        },
        "http_reqs": {
            "count": 37746,
            "rate": 157.05540359489626
        },
        "http_req_failed": {
            "passes": 0,
            "fails": 37746,
            "thresholds": {
                "rate<0.01": false
            },
            "value": 0
        },
        "vus_max": {
            "value": 300,
            "min": 300,
            "max": 300
        },
        "http_req_sending": {
            "max": 1.165082,
            "p(90)": 0.0406865,
            "p(95)": 0.043711,
            "avg": 0.02570881640438723,
            "min": 0.003367,
            "med": 0.029483000000000002
        },
        "http_req_duration": {
            "med": 0.5524245000000001,
            "max": 5.104248,
            "p(90)": 0.6891145,
            "p(95)": 0.7158567499999999,
            "avg": 0.45777860107031215,
            "min": 0.064596,
            "thresholds": {
                "p(95)<500": false
            }
        },
        "http_req_connecting": {
            "p(95)": 0,
            "avg": 0.0028083450431833834,
            "min": 0,
            "med": 0,
            "max": 13.648999,
            "p(90)": 0
        },
        "iteration_duration": {
            "max": 1014.275878,
            "p(90)": 1001.8887755000001,
            "p(95)": 1001.99993125,
            "avg": 1001.2667562652999,
            "min": 1000.103129,
            "med": 1001.2626315
        },
        "http_req_waiting": {
            "avg": 0.3518412785725635,
            "min": 0.040359,
            "med": 0.41411200000000004,
            "max": 4.968205,
            "p(90)": 0.5330115,
            "p(95)": 0.56266775
        },
        "http_req_duration{expected_response:true}": {
            "avg": 0.45777860107031215,
            "min": 0.064596,
            "med": 0.5524245000000001,
            "max": 5.104248,
            "p(90)": 0.6891145,
            "p(95)": 0.7158567499999999
        }
    }
}