{
    "metrics": {
        "iterations": {
            "count": 39126,
            "rate": 130.2324220087248
        },
        "http_reqs": {
            "count": 39126,
            "rate": 130.2324220087248
        },
        "http_req_tls_handshaking": {
            "avg": 0,
            "min": 0,
            "med": 0,
            "max": 0,
            "p(90)": 0,
            "p(95)": 0
        },
        "http_req_failed": {
            "passes": 0,
            "fails": 39126,
            "thresholds": {
                "rate<0.01": false
            },
            "value": 0
        },
        "http_req_blocked": {
            "avg": 0.01402943661503855,
            "min": 0.001148,
            "med": 0.011409,
            "max": 25.156537,
            "p(90)": 0.014556,
            "p(95)": 0.016091
        },
        "http_req_connecting": {
            "p(90)": 0,
            "p(95)": 0,
            "avg": 0.0032609592853856764,
            "min": 0,
            "med": 0,
            "max": 25.122078
        },
        "http_req_sending": {
            "avg": 0.026965197260133904,
            "min": 0.003025,
            "med": 0.0294485,
            "max": 0.372834,
            "p(90)": 0.039013,
            "p(95)": 0.04337375
        },
        "vus": {
            "value": 1,
            "min": 1,
            "max": 300
        },
        "http_req_receiving": {
            "min": 0.006847,
            "med": 0.099488,
            "max": 3.342013,
            "p(90)": 0.1309825,
            "p(95)": 0.14248075,
            "avg": 0.08577054102131557
        },
        "http_req_waiting": {
            "p(90)": 0.6421595,
            "p(95)": 0.71211825,
            "avg": 0.41099023861371164,
            "min": 0.039813,
            "med": 0.444838,
            "max": 4.020593
        },
        "http_req_duration": {
            "avg": 0.5237259768951608,
            "min": 0.058325,
            "med": 0.589236,
            "max": 4.105386,
            "p(90)": 0.779504,
            "p(95)": 0.85157925,
            "thresholds": {
                "p(95)<500": false
            }
        },
        "vus_max": {
            "value": 300,
            "min": 300,
            "max": 300
        },
        "data_sent": {
            "count": 3403962,
            "rate": 11330.220714759058
        },
        "iteration_duration": {
            "p(95)": 1002.04642525,
            "avg": 1001.3327859065815,
            "min": 1000.106519,
            "med": 1001.3343545,
            "max": 1026.30693,
            "p(90)": 1001.9272135
        },
        "data_received": {
            "count": 33374478,
            "rate": 111088.25597344225
        },
        "http_req_duration{expected_response:true}": {
            "p(90)": 0.779504,
            "p(95)": 0.85157925,
            "avg": 0.5237259768951608,
            "min": 0.058325,
            "med": 0.589236,
            "max": 4.105386
        }
    },
    "root_group": {
        "name": "",
        "path": "",
        "id": "d41d8cd98f00b204e9800998ecf8427e",
        "groups": {},
        "checks": {}
    }
}