{
    "metrics": {
        "http_req_sending": {
            "min": 0.003218,
            "med": 0.029583,
            "max": 1.773272,
            "p(90)": 0.0388135,
            "p(95)": 0.0434225,
            "avg": 0.027156412973470493
        },
        "http_req_waiting": {
            "min": 0.035512,
            "med": 0.439459,
            "max": 5.598343,
            "p(90)": 0.6570015,
            "p(95)": 0.7368809999999999,
            "avg": 0.41140990392577553
        },
        "iteration_duration": {
            "avg": 1001.3308385473829,
            "min": 1000.123363,
            "med": 1001.3238074999999,
            "max": 1018.546905,
            "p(90)": 1001.9329655,
            "p(95)": 1002.05889325
        },
        "http_req_receiving": {
            "min": 0.006865,
            "med": 0.097714,
            "max": 1.212396,
            "p(90)": 0.129326,
            "p(95)": 0.14058949999999998,
            "avg": 0.08398717458978736
        },
        "http_req_blocked": {
            "p(95)": 0.01602475,
            "avg": 0.013775194244236582,
            "min": 0.001092,
            "med": 0.0114235,
            "max": 16.772389,
            "p(90)": 0.014585500000000001
        },
        "http_req_tls_handshaking": {
            "avg": 0,
            "min": 0,
            "med": 0,
            "max": 0,
            "p(90)": 0,
            "p(95)": 0
        },
        "data_received": {
            "count": 33374478,
            "rate": 111088.3058165897
        },
        "vus_max": {
            "value": 300,
            "min": 300,
            "max": 300
        },
        "http_reqs": {
            "count": 39126,
            "rate": 130.23248044148852
        },
        "http_req_connecting": {
            "min": 0,
            "med": 0,
            "max": 16.644862,
            "p(90)": 0,
            "p(95)": 0,
            "avg": 0.003056087691049432
        },
        "data_sent": {
            "count": 3403962,
            "rate": 11330.2257984095
        },
        "iterations": {
            "count": 39126,
            "rate": 130.23248044148852
        },
        "http_req_failed": {
            "passes": 0,
            "fails": 39126,
            "thresholds": {
                "rate<0.01": false
            },
            "value": 0
        },
        "http_req_duration{expected_response:true}": {
            "avg": 0.5225534914890344,
            "min": 0.055403,
            "med": 0.5825115,
            "max": 5.997403,
            "p(90)": 0.7935935000000001,
            "p(95)": 0.8782920000000001
        },
        "vus": {
            "value": 1,
            "min": 1,
            "max": 300
        },
        "http_req_duration": {
            "med": 0.5825115,
            "max": 5.997403,
            "p(90)": 0.7935935000000001,
            "p(95)": 0.8782920000000001,
            "avg": 0.5225534914890344,
            "min": 0.055403,
            "thresholds": {
                "p(95)<500": false
            }
        }
    },
    "root_group": {
        "name": "",
        "path": "",
        "id": "d41d8cd98f00b204e9800998ecf8427e",
        "groups": {},
        "checks": {}
    }
}