{
    "metrics": {
        "vus_max": {
            "value": 300,
            "min": 300,
            "max": 300
        },
        "http_req_duration": {
            "p(90)": 0.783779,
            "p(95)": 0.8815026999999999,
            "avg": 0.5484810269060278,
            "min": 0.060989,
            "med": 0.570797,
            "max": 5.556861,
            "thresholds": {
                "p(95)<500": false
            }
        },
        "data_sent": {
            "count": 3925440,
            "rate": 18633.541077447862
        },
        "http_reqs": {
            "count": 45120,
            "rate": 214.17863307411335
        },
        "http_req_receiving": {
            "avg": 0.09387631655585028,
            "min": 0.006338,
            "med": 0.099068,
            "max": 3.752686,
            "p(90)": 0.1319399,
            "p(95)": 0.144159
        },
        "http_req_tls_handshaking": {
            "p(90)": 0,
            "p(95)": 0,
            "avg": 0,
            "min": 0,
            "med": 0,
            "max": 0
        },
        "http_req_waiting": {
            "avg": 0.4254117085549643,
            "min": 0.041,
            "med": 0.429145,
            "max": 5.000731,
            "p(90)": 0.6404502999999999,
            "p(95)": 0.73304615
        },
        "iteration_duration": {
            "p(90)": 1002.0186268,
            "p(95)": 1002.1897083,
            "avg": 1001.3886988091817,
            "min": 1000.125524,
            "med": 1001.3634139999999,
            "max": 1027.971349
        },
        "http_req_blocked": {
            "avg": 0.013967788718971674,
            "min": 0.00113,
            "med": 0.011161,
            "max": 26.872744,
            "p(90)": 0.014852099999999998,
            "p(95)": 0.016060099999999994
        },
        "iterations": {
            "count": 45120,
            "rate": 214.17863307411335
        },
        "http_req_sending": {
            "p(95)": 0.043196,
            "avg": 0.02919300179521269,
            "min": 0.003209,
            "med": 0.028677,
            "max": 1.479475,
            "p(90)": 0.03810209999999999
        },
        "data_received": {
            "count": 38487360,
            "rate": 182694.3740122187
        },
        "http_req_failed": {
            "passes": 0,
            "fails": 45120,
            "thresholds": {
                "rate<0.01": false
            },
            "value": 0
        },
        "http_req_duration{expected_response:true}": {
            "p(90)": 0.783779,
            "p(95)": 0.8815026999999999,
            "avg": 0.5484810269060278,
            "min": 0.060989,
            "med": 0.570797,
            "max": 5.556861
        },
        "http_req_connecting": {
            "avg": 0.002841982956560282,
            "min": 0,
            "med": 0,
            "max": 26.734158,
            "p(90)": 0,
            "p(95)": 0
        },
        "vus": {
            "value": 6,
            "min": 1,
            "max": 300
        }
    },
    "root_group": {
        "name": "",
        "path": "",
        "id": "d41d8cd98f00b204e9800998ecf8427e",
        "groups": {},
        "checks": {}
    }
}