{
    "metrics": {
        "data_received": {
            "count": 38487360,
            "rate": 182694.25304903262
        },
        "http_req_duration": {
            "p(90)": 0.7700587,
            "p(95)": 0.8487283499999997,
            "avg": 0.551311341068262,
            "min": 0.056266,
            "med": 0.5755865,
            "max": 3.235917,
            "thresholds": {
                "p(95)<500": false
            }
        },
        "http_req_waiting": {
            "med": 0.432574,
            "max": 2.211676,
            "p(90)": 0.6278932999999998,
            "p(95)": 0.7060942,
            "avg": 0.4273053606604616,
            "min": 0.039918
        },
        "vus": {
            "value": 6,
            "min": 1,
            "max": 300
        },
        "http_req_connecting": {
            "med": 0,
            "max": 21.936175,
            "p(90)": 0,
            "p(95)": 0,
            "avg": 0.002967434530141843,
            "min": 0
        },
        "http_req_blocked": {
            "med": 0.011309,
            "max": 22.034995,
            "p(90)": 0.014901,
            "p(95)": 0.016101099999999993,
            "avg": 0.01438786309840428,
            "min": 0.001149
        },
        "http_reqs": {
            "count": 45120,
            "rate": 214.1784912649855
        },
        "http_req_receiving": {
            "avg": 0.09453861965868855,
            "min": 0.006937,
            "med": 0.10006999999999999,
            "max": 2.312904,
            "p(90)": 0.13190639999999998,
            "p(95)": 0.14299239999999996
        },
        "http_req_failed": {
            "passes": 0,
            "fails": 45120,
            "thresholds": {
                "rate<0.01": false
            },
            "value": 0
        },
        "http_req_sending": {
            "avg": 0.029467360749113405,
            "min": 0.003071,
            "med": 0.029184,
            "max": 0.613534,
            "p(90)": 0.038407,
            "p(95)": 0.043042099999999986
        },
        "iterations": {
            "count": 45120,
            "rate": 214.1784912649855
        },
        "http_req_duration{expected_response:true}": {
            "max": 3.235917,
            "p(90)": 0.7700587,
            "p(95)": 0.8487283499999997,
            "avg": 0.551311341068262,
            "min": 0.056266,
            "med": 0.5755865
        },
        "iteration_duration": {
            "avg": 1001.398184123213,
            "min": 1000.118658,
            "med": 1001.3884395,
            "max": 1023.263085,
            "p(90)": 1002.0025525000001,
            "p(95)": 1002.1589745
        },
        "http_req_tls_handshaking": {
            "med": 0,
            "max": 0,
            "p(90)": 0,
            "p(95)": 0,
            "avg": 0,
            "min": 0
        },
        "vus_max": {
            "min": 300,
            "max": 300,
            "value": 300
        },
        "data_sent": {
            "count": 3925440,
            "rate": 18633.528740053738
        }
    },
    "root_group": {
        "groups": {},
        "checks": {},
        "name": "",
        "path": "",
        "id": "d41d8cd98f00b204e9800998ecf8427e"
    }
}