{
    "root_group": {
        "name": "",
        "path": "",
        "id": "d41d8cd98f00b204e9800998ecf8427e",
        "groups": {},
        "checks": {}
    },
    "metrics": {
        "http_req_blocked": {
            "max": 0.7375,
            "p(90)": 0.01517,
            "p(95)": 0.016652899999999998,
            "avg": 0.013402571662175003,
            "min": 0.001147,
            "med": 0.0121
        },
        "http_req_sending": {
            "max": 1.033597,
            "p(90)": 0.0415498,
            "p(95)": 0.044431799999999994,
            "avg": 0.029861796687157462,
            "min": 0.003101,
            "med": 0.030868
        },
        "http_req_duration{expected_response:true}": {
            "avg": 0.5521975861672177,
            "min": 0.058848,
            "med": 0.609503,
            "max": 3.210074,
            "p(90)": 0.7300839999999998,
            "p(95)": 0.7865454
        },
        "http_req_connecting": {
            "avg": 0.0015868359628137972,
            "min": 0,
            "med": 0,
            "max": 0.542067,
            "p(90)": 0,
            "p(95)": 0
        },
        "data_received": {
            "count": 28168619,
            "rate": 66966.97622870565
        },
        "http_req_duration": {
            "max": 3.210074,
            "p(90)": 0.7300839999999998,
            "p(95)": 0.7865454,
            "avg": 0.5521975861672177,
            "min": 0.058848,
            "med": 0.609503,
            "thresholds": {
                "p(95)<500": false
            }
        },
        "iterations": {
            "count": 33023,
            "rate": 78.50759229625517
        },
        "vus_max": {
            "value": 150,
            "min": 150,
            "max": 150
        },
        "http_req_waiting": {
            "p(90)": 0.5834996,
            "p(95)": 0.6473611999999999,
            "avg": 0.4263066125730579,
            "min": 0.040395,
            "med": 0.460329,
            "max": 2.835517
        },
        "http_req_failed": {
            "passes": 0,
            "fails": 33023,
            "thresholds": {
                "rate<0.01": false
            },
            "value": 0
        },
        "iteration_duration": {
            "avg": 1001.428187224693,
            "min": 1000.137147,
            "med": 1001.44756,
            "max": 1005.212385,
            "p(90)": 1001.9755710000001,
            "p(95)": 1002.0817387
        },
        "vus": {
            "value": 1,
            "min": 1,
            "max": 150
        },
        "data_sent": {
            "count": 2873001,
            "rate": 6830.1605297742
        },
        "http_reqs": {
            "rate": 78.50759229625517,
            "count": 33023
        },
        "http_req_tls_handshaking": {
            "med": 0,
            "max": 0,
            "p(90)": 0,
            "p(95)": 0,
            "avg": 0,
            "min": 0
        },
        "http_req_receiving": {
            "avg": 0.09602917690700467,
            "min": 0.00743,
            "med": 0.106436,
            "max": 1.62783,
            "p(90)": 0.1349784,
            "p(95)": 0.14635739999999997
        }
    }
}