{
    "metrics": {
        "http_req_blocked": {
            "min": 0.001161,
            "med": 0.011909,
            "max": 0.81757,
            "p(90)": 0.014784,
            "p(95)": 0.016169,
            "avg": 0.013122172394997408
        },
        "http_req_receiving": {
            "avg": 0.09624458256366708,
            "min": 0.007586,
            "med": 0.106059,
            "max": 1.53406,
            "p(90)": 0.1342126,
            "p(95)": 0.1453834
        },
        "iteration_duration": {
            "p(95)": 1002.0817002,
            "avg": 1001.4264784073836,
            "min": 1000.135753,
            "med": 1001.446541,
            "max": 1006.910343,
            "p(90)": 1001.9730098
        },
        "http_req_tls_handshaking": {
            "max": 0,
            "p(90)": 0,
            "p(95)": 0,
            "avg": 0,
            "min": 0,
            "med": 0
        },
        "http_req_duration{expected_response:true}": {
            "p(95)": 0.7752597,
            "avg": 0.5549203393392479,
            "min": 0.057486,
            "med": 0.608864,
            "max": 5.120823,
            "p(90)": 0.725378
        },
        "http_req_waiting": {
            "med": 0.461236,
            "max": 4.657173,
            "p(90)": 0.5787996,
            "p(95)": 0.6338874999999999,
            "avg": 0.42852001238530446,
            "min": 0.042033
        },
        "data_received": {
            "count": 28168619,
            "rate": 66963.05776429694
        },
        "http_req_duration": {
            "avg": 0.5549203393392479,
            "min": 0.057486,
            "med": 0.608864,
            "max": 5.120823,
            "p(90)": 0.725378,
            "p(95)": 0.7752597,
            "thresholds": {
                "p(95)<500": false
            }
        },
        "http_reqs": {
            "count": 33023,
            "rate": 78.5029985513446
        },
        "http_req_sending": {
            "p(90)": 0.041382,
            "p(95)": 0.04430359999999999,
            "avg": 0.030155744390273517,
            "min": 0.0034,
            "med": 0.031348,
            "max": 0.808019
        },
        "vus_max": {
            "value": 150,
            "min": 150,
            "max": 150
        },
        "http_req_connecting": {
            "avg": 0.0015962094297913576,
            "min": 0,
            "med": 0,
            "max": 0.521785,
            "p(90)": 0,
            "p(95)": 0
        },
        "data_sent": {
            "count": 2873001,
            "rate": 6829.76087396698
        },
        "vus": {
            "value": 1,
            "min": 1,
            "max": 150
        },
        "http_req_failed": {
            "passes": 0,
            "fails": 33023,
            "thresholds": {
                "rate<0.01": false
            },
            "value": 0
        },
        "iterations": {
            "count": 33023,
            "rate": 78.5029985513446
        }
    },
    "root_group": {
        "name": "",
        "path": "",
        "id": "d41d8cd98f00b204e9800998ecf8427e",
        "groups": {},
        "checks": {}
    }
}