{
    "root_group": {
        "checks": {},
        "name": "",
        "path": "",
        "id": "d41d8cd98f00b204e9800998ecf8427e",
        "groups": {}
    },
    "metrics": {
        "http_req_duration{expected_response:true}": {
            "p(95)": 0.7966869999999999,
            "avg": 0.5554413890386102,
            "min": 0.056071,
            "med": 0.613651,
            "max": 5.049312,
            "p(90)": 0.7364696000000001
        },
        "vus": {
            "value": 1,
            "min": 1,
            "max": 150
        },
        "http_req_tls_handshaking": {
            "avg": 0,
            "min": 0,
            "med": 0,
            "max": 0,
            "p(90)": 0,
            "p(95)": 0
        },
        "data_received": {
            "count": 28170325,
            "rate": 66968.68487634433
        },
        "http_req_failed": {
            "passes": 0,
            "fails": 33025,
            "thresholds": {
                "rate<0.01": false
            },
            "value": 0
        },
        "http_req_duration": {
            "min": 0.056071,
            "med": 0.613651,
            "max": 5.049312,
            "p(90)": 0.7364696000000001,
            "p(95)": 0.7966869999999999,
            "avg": 0.5554413890386102,
            "thresholds": {
                "p(95)<500": false
            }
        },
        "http_req_sending": {
            "avg": 0.030137667918243866,
            "min": 0.003181,
            "med": 0.03113,
            "max": 0.860455,
            "p(90)": 0.041578,
            "p(95)": 0.0446076
        },
        "http_req_receiving": {
            "avg": 0.09617439418622313,
            "min": 0.007239,
            "med": 0.106137,
            "max": 4.430032,
            "p(90)": 0.1350142,
            "p(95)": 0.1473444
        },
        "iteration_duration": {
            "p(95)": 1002.0862334,
            "avg": 1001.4247440277335,
            "min": 1000.09188,
            "med": 1001.439632,
            "max": 1006.757388,
            "p(90)": 1001.9807082000001
        },
        "http_req_waiting": {
            "p(90)": 0.5911754000000001,
            "p(95)": 0.657724,
            "avg": 0.42912932693414246,
            "min": 0.040794,
            "med": 0.463302,
            "max": 4.851354
        },
        "vus_max": {
            "value": 150,
            "min": 150,
            "max": 150
        },
        "http_reqs": {
            "count": 33025,
            "rate": 78.50959540016919
        },
        "http_req_blocked": {
            "avg": 0.013288789886449664,
            "min": 0.001137,
            "med": 0.012105,
            "max": 0.637428,
            "p(90)": 0.015115,
            "p(95)": 0.016615
        },
        "iterations": {
            "count": 33025,
            "rate": 78.50959540016919
        },
        "data_sent": {
            "count": 2873175,
            "rate": 6830.33479981472
        },
        "http_req_connecting": {
            "max": 0.467644,
            "p(90)": 0,
            "p(95)": 0,
            "avg": 0.0015332204693414085,
            "min": 0,
            "med": 0
        }
    }
}