{
    "metrics": {
        "http_req_waiting": {
            "max": 4.300557,
            "p(90)": 0.5869359999999999,
            "p(95)": 0.64962,
            "avg": 0.42966376606310325,
            "min": 0.043375,
            "med": 0.46409999999999996
        },
        "http_req_duration": {
            "min": 0.059232,
            "med": 0.613826,
            "max": 6.023674,
            "p(90)": 0.73475,
            "p(95)": 0.7939615,
            "avg": 0.5568090130503218,
            "thresholds": {
                "p(95)<500": false
            }
        },
        "http_req_blocked": {
            "avg": 0.013383164385635625,
            "min": 0.001015,
            "med": 0.012164,
            "max": 0.625383,
            "p(90)": 0.015208,
            "p(95)": 0.016639
        },
        "http_req_sending": {
            "p(90)": 0.0419715,
            "p(95)": 0.044871,
            "avg": 0.030125940804214713,
            "min": 0.003213,
            "med": 0.0311465,
            "max": 0.922804
        },
        "http_reqs": {
            "count": 33026,
            "rate": 78.51965775793309
        },
        "vus_max": {
            "min": 150,
            "max": 150,
            "value": 150
        },
        "iteration_duration": {
            "min": 1000.14523,
            "med": 1001.444789,
            "max": 1007.495402,
            "p(90)": 1001.989253,
            "p(95)": 1002.09426925,
            "avg": 1001.4300817885966
        },
        "http_req_failed": {
            "passes": 0,
            "fails": 33026,
            "thresholds": {
                "rate<0.01": false
            },
            "value": 0
        },
        "data_received": {
            "rate": 66977.26806751692,
            "count": 28171178
        },
        "http_req_tls_handshaking": {
            "p(90)": 0,
            "p(95)": 0,
            "avg": 0,
            "min": 0,
            "med": 0,
            "max": 0
        },
        "data_sent": {
            "rate": 6831.210224940179,
            "count": 2873262
        },
        "iterations": {
            "count": 33026,
            "rate": 78.51965775793309
        },
        "http_req_receiving": {
            "p(95)": 0.14808875,
            "avg": 0.09701930618300683,
            "min": 0.007449,
            "med": 0.107189,
            "max": 5.170316,
            "p(90)": 0.1359865
        },
        "http_req_duration{expected_response:true}": {
            "min": 0.059232,
            "med": 0.613826,
            "max": 6.023674,
            "p(90)": 0.73475,
            "p(95)": 0.7939615,
            "avg": 0.5568090130503218
        },
        "http_req_connecting": {
            "med": 0,
            "max": 0.505363,
            "p(90)": 0,
            "p(95)": 0,
            "avg": 0.0015500249803185376,
            "min": 0
        },
        "vus": {
            "value": 1,
            "min": 1,
            "max": 150
        }
    },
    "root_group": {
        "path": "",
        "id": "d41d8cd98f00b204e9800998ecf8427e",
        "groups": {},
        "checks": {},
        "name": ""
    }
}