{
    "metrics": {
        "data_sent": {
            "count": 2873175,
            "rate": 6830.253645128162
        },
        "iteration_duration": {
            "p(90)": 1001.9860683999999,
            "p(95)": 1002.0934674,
            "avg": 1001.4263270761267,
            "min": 1000.120847,
            "med": 1001.44617,
            "max": 1006.34012
        },
        "http_reqs": {
            "count": 33025,
            "rate": 78.50866258768002
        },
        "iterations": {
            "count": 33025,
            "rate": 78.50866258768002
        },
        "vus_max": {
            "value": 150,
            "min": 150,
            "max": 150
        },
        "http_req_sending": {
            "avg": 0.029934241392884187,
            "min": 0.003211,
            "med": 0.031017,
            "max": 1.187725,
            "p(90)": 0.041396800000000004,
            "p(95)": 0.044480399999999996
        },
        "vus": {
            "value": 1,
            "min": 1,
            "max": 150
        },
        "data_received": {
            "count": 28170325,
            "rate": 66967.88918729106
        },
        "http_req_connecting": {
            "avg": 0.0015138961090083263,
            "min": 0,
            "med": 0,
            "max": 0.480821,
            "p(90)": 0,
            "p(95)": 0
        },
        "http_req_duration": {
            "min": 0.066017,
            "med": 0.613531,
            "max": 4.31565,
            "p(90)": 0.7326954000000001,
            "p(95)": 0.7872417999999999,
            "avg": 0.5559479826192281,
            "thresholds": {
                "p(95)<500": false
            }
        },
        "http_req_duration{expected_response:true}": {
            "max": 4.31565,
            "p(90)": 0.7326954000000001,
            "p(95)": 0.7872417999999999,
            "avg": 0.5559479826192281,
            "min": 0.066017,
            "med": 0.613531
        },
        "http_req_receiving": {
            "p(95)": 0.1475658,
            "avg": 0.09705325311127944,
            "min": 0.007437,
            "med": 0.107164,
            "max": 3.775449,
            "p(90)": 0.1362002
        },
        "http_req_tls_handshaking": {
            "p(90)": 0,
            "p(95)": 0,
            "avg": 0,
            "min": 0,
            "med": 0,
            "max": 0
        },
        "http_req_blocked": {
            "p(90)": 0.015139,
            "p(95)": 0.0165778,
            "avg": 0.013262585344435975,
            "min": 0.001105,
            "med": 0.012086,
            "max": 0.605294
        },
        "http_req_waiting": {
            "avg": 0.42896048811506526,
            "min": 0.043275,
            "med": 0.46337,
            "max": 1.58274,
            "p(90)": 0.584817,
            "p(95)": 0.6456441999999999
        },
        "http_req_failed": {
            "passes": 0,
            "fails": 33025,
            "thresholds": {
                "rate<0.01": false
            },
            "value": 0
        }
    },
    "root_group": {
        "name": "",
        "path": "",
        "id": "d41d8cd98f00b204e9800998ecf8427e",
        "groups": {},
        "checks": {}
    }
}