{
    "metrics": {
        "data_received": {
            "count": 28168619,
            "rate": 66971.19135712506
        },
        "http_req_receiving": {
            "avg": 0.09409614710959036,
            "min": 0.007285,
            "med": 0.105882,
            "max": 1.383489,
            "p(90)": 0.1348026,
            "p(95)": 0.14666949999999995
        },
        "data_sent": {
            "count": 2873001,
            "rate": 6830.590443223775
        },
        "http_req_blocked": {
            "avg": 0.012810130091148593,
            "min": 0.00112,
            "med": 0.011902,
            "max": 0.691743,
            "p(90)": 0.014742799999999999,
            "p(95)": 0.016164
        },
        "http_req_failed": {
            "passes": 0,
            "fails": 33023,
            "thresholds": {
                "rate<0.01": false
            },
            "value": 0
        },
        "http_req_duration": {
            "max": 6.171109,
            "p(90)": 0.7339948,
            "p(95)": 0.7937510999999998,
            "avg": 0.5491938615207592,
            "min": 0.057975,
            "med": 0.612867,
            "thresholds": {
                "p(95)<500": false
            }
        },
        "http_reqs": {
            "count": 33023,
            "rate": 78.51253383015833
        },
        "http_req_connecting": {
            "avg": 0.0015167657087484486,
            "min": 0,
            "med": 0,
            "max": 0.523903,
            "p(90)": 0,
            "p(95)": 0
        },
        "vus": {
            "value": 1,
            "min": 1,
            "max": 150
        },
        "http_req_duration{expected_response:true}": {
            "avg": 0.5491938615207592,
            "min": 0.057975,
            "med": 0.612867,
            "max": 6.171109,
            "p(90)": 0.7339948,
            "p(95)": 0.7937510999999998
        },
        "vus_max": {
            "value": 150,
            "min": 150,
            "max": 150
        },
        "http_req_tls_handshaking": {
            "max": 0,
            "p(90)": 0,
            "p(95)": 0,
            "avg": 0,
            "min": 0,
            "med": 0
        },
        "http_req_sending": {
            "p(95)": 0.044300799999999994,
            "avg": 0.029352468309965886,
            "min": 0.003176,
            "med": 0.030972,
            "max": 1.216624,
            "p(90)": 0.0413126
        },
        "http_req_waiting": {
            "max": 4.925727,
            "p(90)": 0.5847855999999999,
            "p(95)": 0.6529265999999999,
            "avg": 0.42574524610120185,
            "min": 0.041797,
            "med": 0.463997
        },
        "iterations": {
            "count": 33023,
            "rate": 78.51253383015833
        },
        "iteration_duration": {
            "p(95)": 1002.0818038,
            "avg": 1001.4115488334808,
            "min": 1000.134622,
            "med": 1001.424103,
            "max": 1006.89972,
            "p(90)": 1001.9762124
        }
    },
    "root_group": {
        "name": "",
        "path": "",
        "id": "d41d8cd98f00b204e9800998ecf8427e",
        "groups": {},
        "checks": {}
    }
}