{
    "root_group": {
        "checks": {},
        "name": "",
        "path": "",
        "id": "d41d8cd98f00b204e9800998ecf8427e",
        "groups": {}
    },
    "metrics": {
        "data_received": {
            "count": 28169472,
            "rate": 66967.6923022825
        },
        "http_req_duration": {
            "p(90)": 0.723616,
            "p(95)": 0.7810454,
            "avg": 0.5507909801053765,
            "min": 0.061175,
            "med": 0.6104015,
            "max": 2.850495,
            "thresholds": {
                "p(95)<500": false
            }
        },
        "http_req_waiting": {
            "avg": 0.42491920497214103,
            "min": 0.042539,
            "med": 0.4614165,
            "max": 2.712342,
            "p(90)": 0.5763728,
            "p(95)": 0.6407048999999999
        },
        "http_req_receiving": {
            "p(90)": 0.1351741,
            "p(95)": 0.14666769999999998,
            "avg": 0.09583100508720913,
            "min": 0.007296,
            "med": 0.106629,
            "max": 1.707209
        },
        "http_req_failed": {
            "passes": 0,
            "fails": 33024,
            "thresholds": {
                "rate<0.01": false
            },
            "value": 0
        },
        "http_req_duration{expected_response:true}": {
            "p(90)": 0.723616,
            "p(95)": 0.7810454,
            "avg": 0.5507909801053765,
            "min": 0.061175,
            "med": 0.6104015,
            "max": 2.850495
        },
        "http_req_sending": {
            "p(90)": 0.041745,
            "p(95)": 0.04489024999999999,
            "avg": 0.03004077004602708,
            "min": 0.003248,
            "med": 0.031291,
            "max": 0.610171
        },
        "iterations": {
            "count": 33024,
            "rate": 78.5084317728986
        },
        "http_reqs": {
            "count": 33024,
            "rate": 78.5084317728986
        },
        "http_req_connecting": {
            "avg": 0.001633459786821706,
            "min": 0,
            "med": 0,
            "max": 0.505747,
            "p(90)": 0,
            "p(95)": 0
        },
        "data_sent": {
            "count": 2873088,
            "rate": 6830.2335642421785
        },
        "http_req_tls_handshaking": {
            "max": 0,
            "p(90)": 0,
            "p(95)": 0,
            "avg": 0,
            "min": 0,
            "med": 0
        },
        "vus_max": {
            "value": 150,
            "min": 150,
            "max": 150
        },
        "iteration_duration": {
            "p(90)": 1001.9729026,
            "p(95)": 1002.07899315,
            "avg": 1001.4167817073974,
            "min": 1000.133554,
            "med": 1001.4350075,
            "max": 1003.612766
        },
        "http_req_blocked": {
            "max": 0.722392,
            "p(90)": 0.014783100000000002,
            "p(95)": 0.016275849999999998,
            "avg": 0.013261418513808089,
            "min": 0.001235,
            "med": 0.012014
        },
        "vus": {
            "value": 1,
            "min": 1,
            "max": 150
        }
    }
}