{
    "root_group": {
        "name": "",
        "path": "",
        "id": "d41d8cd98f00b204e9800998ecf8427e",
        "groups": {},
        "checks": {}
    },
    "metrics": {
        "data_sent": {
            "rate": 6830.792383724601,
            "count": 2873088
        },
        "iteration_duration": {
            "med": 1001.446681,
            "max": 1005.572501,
            "p(90)": 1001.9857657,
            "p(95)": 1002.0894254,
            "avg": 1001.428551995735,
            "min": 1000.146032
        },
        "iterations": {
            "count": 33024,
            "rate": 78.51485498534024
        },
        "http_req_tls_handshaking": {
            "avg": 0,
            "min": 0,
            "med": 0,
            "max": 0,
            "p(90)": 0,
            "p(95)": 0
        },
        "http_req_blocked": {
            "max": 0.701363,
            "p(90)": 0.015128700000000002,
            "p(95)": 0.0165897,
            "avg": 0.013314410035125915,
            "min": 0.001174,
            "med": 0.012145
        },
        "vus_max": {
            "value": 150,
            "min": 150,
            "max": 150
        },
        "http_req_sending": {
            "med": 0.031269,
            "max": 1.221782,
            "p(90)": 0.0417191,
            "p(95)": 0.04458694999999999,
            "avg": 0.030180708938953398,
            "min": 0.00319
        },
        "http_req_waiting": {
            "avg": 0.42553905483890764,
            "min": 0.037532,
            "med": 0.461206,
            "max": 4.105085,
            "p(90)": 0.5771596,
            "p(95)": 0.63611005
        },
        "data_received": {
            "count": 28169472,
            "rate": 66973.17130249522
        },
        "vus": {
            "value": 1,
            "min": 1,
            "max": 150
        },
        "http_reqs": {
            "rate": 78.51485498534024,
            "count": 33024
        },
        "http_req_receiving": {
            "max": 1.811311,
            "p(90)": 0.1361021,
            "p(95)": 0.147634,
            "avg": 0.09683838968628967,
            "min": 0.007611,
            "med": 0.107265
        },
        "http_req_connecting": {
            "avg": 0.001500643410852713,
            "min": 0,
            "med": 0,
            "max": 0.488209,
            "p(90)": 0,
            "p(95)": 0
        },
        "http_req_failed": {
            "passes": 0,
            "fails": 33024,
            "thresholds": {
                "rate<0.01": false
            },
            "value": 0
        },
        "http_req_duration{expected_response:true}": {
            "avg": 0.5525581534641468,
            "min": 0.055465,
            "med": 0.6107335,
            "max": 4.265311,
            "p(90)": 0.7267404000000001,
            "p(95)": 0.77833935
        },
        "http_req_duration": {
            "avg": 0.5525581534641468,
            "min": 0.055465,
            "med": 0.6107335,
            "max": 4.265311,
            "p(90)": 0.7267404000000001,
            "p(95)": 0.77833935,
            "thresholds": {
                "p(95)<500": false
            }
        }
    }
}