{
    "metrics": {
        "vus": {
            "value": 1,
            "min": 1,
            "max": 150
        },
        "data_received": {
            "count": 28171178,
            "rate": 66970.02645593461
        },
        "iterations": {
            "count": 33026,
            "rate": 78.51116817811794
        },
        "http_req_sending": {
            "med": 0.031386,
            "max": 0.86451,
            "p(90)": 0.0412945,
            "p(95)": 0.04428525,
            "avg": 0.03009037291830677,
            "min": 0.00326
        },
        "vus_max": {
            "value": 150,
            "min": 150,
            "max": 150
        },
        "http_req_receiving": {
            "avg": 0.09583122306667466,
            "min": 0.007156,
            "med": 0.1055775,
            "max": 1.300074,
            "p(90)": 0.133564,
            "p(95)": 0.145534
        },
        "http_req_connecting": {
            "p(95)": 0,
            "avg": 0.0014261340761824012,
            "min": 0,
            "med": 0,
            "max": 0.489469,
            "p(90)": 0
        },
        "http_req_tls_handshaking": {
            "p(90)": 0,
            "p(95)": 0,
            "avg": 0,
            "min": 0,
            "med": 0,
            "max": 0
        },
        "iteration_duration": {
            "min": 1000.152932,
            "med": 1001.43899,
            "max": 1005.726421,
            "p(90)": 1001.9733785000001,
            "p(95)": 1002.0742875,
            "avg": 1001.4203802858626
        },
        "http_req_failed": {
            "passes": 0,
            "fails": 33026,
            "thresholds": {
                "rate<0.01": false
            },
            "value": 0
        },
        "data_sent": {
            "rate": 6830.471631496262,
            "count": 2873262
        },
        "http_req_duration": {
            "min": 0.054941,
            "med": 0.612922,
            "max": 5.009995,
            "p(90)": 0.7269515,
            "p(95)": 0.784352,
            "avg": 0.5557284882213993,
            "thresholds": {
                "p(95)<500": false
            }
        },
        "http_req_waiting": {
            "max": 4.810606,
            "p(90)": 0.5812155,
            "p(95)": 0.6435455,
            "avg": 0.4298068922364171,
            "min": 0.042352,
            "med": 0.4644475
        },
        "http_reqs": {
            "count": 33026,
            "rate": 78.51116817811794
        },
        "http_req_blocked": {
            "avg": 0.01294017904075581,
            "min": 0.001212,
            "med": 0.011973,
            "max": 0.742628,
            "p(90)": 0.0147825,
            "p(95)": 0.01622975
        },
        "http_req_duration{expected_response:true}": {
            "min": 0.054941,
            "med": 0.612922,
            "max": 5.009995,
            "p(90)": 0.7269515,
            "p(95)": 0.784352,
            "avg": 0.5557284882213993
        }
    },
    "root_group": {
        "name": "",
        "path": "",
        "id": "d41d8cd98f00b204e9800998ecf8427e",
        "groups": {},
        "checks": {}
    }
}