{
    "root_group": {
        "name": "",
        "path": "",
        "id": "d41d8cd98f00b204e9800998ecf8427e",
        "groups": {},
        "checks": {}
    },
    "metrics": {
        "http_req_connecting": {
            "med": 0,
            "max": 0.471055,
            "p(90)": 0,
            "p(95)": 0,
            "avg": 0.0015062818385514457,
            "min": 0
        },
        "data_received": {
            "rate": 66974.98638071705,
            "count": 28171178
        },
        "http_req_receiving": {
            "avg": 0.09499741933628092,
            "min": 0.007441,
            "med": 0.1061955,
            "max": 4.07255,
            "p(90)": 0.13548149999999998,
            "p(95)": 0.14715475
        },
        "http_req_failed": {
            "passes": 0,
            "fails": 33026,
            "thresholds": {
                "rate<0.01": false
            },
            "value": 0
        },
        "http_reqs": {
            "count": 33026,
            "rate": 78.51698286133299
        },
        "data_sent": {
            "count": 2873262,
            "rate": 6830.977508935971
        },
        "http_req_duration{expected_response:true}": {
            "avg": 0.5470738912977633,
            "min": 0.057522,
            "med": 0.6131249999999999,
            "max": 4.456694,
            "p(90)": 0.7272514999999999,
            "p(95)": 0.7781929999999999
        },
        "http_req_tls_handshaking": {
            "avg": 0,
            "min": 0,
            "med": 0,
            "max": 0,
            "p(90)": 0,
            "p(95)": 0
        },
        "vus_max": {
            "value": 150,
            "min": 150,
            "max": 150
        },
        "iteration_duration": {
            "med": 1001.426917,
            "max": 1007.456814,
            "p(90)": 1001.9813005,
            "p(95)": 1002.0886897500001,
            "avg": 1001.4136271124585,
            "min": 1000.137834
        },
        "http_req_blocked": {
            "max": 0.617199,
            "p(90)": 0.014768,
            "p(95)": 0.01626275,
            "avg": 0.012842215254647883,
            "min": 0.001082,
            "med": 0.011922
        },
        "vus": {
            "value": 1,
            "min": 1,
            "max": 150
        },
        "http_req_waiting": {
            "p(95)": 0.635283,
            "avg": 0.4224077432023219,
            "min": 0.042147,
            "med": 0.464264,
            "max": 3.958566,
            "p(90)": 0.577737
        },
        "http_req_sending": {
            "avg": 0.02966872875915967,
            "min": 0.00314,
            "med": 0.0314985,
            "max": 0.614763,
            "p(90)": 0.041554,
            "p(95)": 0.044595499999999996
        },
        "http_req_duration": {
            "med": 0.6131249999999999,
            "max": 4.456694,
            "p(90)": 0.7272514999999999,
            "p(95)": 0.7781929999999999,
            "avg": 0.5470738912977633,
            "min": 0.057522,
            "thresholds": {
                "p(95)<500": false
            }
        },
        "iterations": {
            "count": 33026,
            "rate": 78.51698286133299
        }
    }
}