{
    "root_group": {
        "name": "",
        "path": "",
        "id": "d41d8cd98f00b204e9800998ecf8427e",
        "groups": {},
        "checks": {}
    },
    "metrics": {
        "http_req_duration": {
            "avg": 0.5488710968962928,
            "min": 0.059154,
            "med": 0.612428,
            "max": 6.040282,
            "p(90)": 0.7232334,
            "p(95)": 0.7704828,
            "thresholds": {
                "p(95)<500": false
            }
        },
        "vus_max": {
            "value": 150,
            "min": 150,
            "max": 150
        },
        "data_received": {
            "rate": 66974.2039888116,
            "count": 28170325
        },
        "http_req_sending": {
            "avg": 0.029925550310371005,
            "min": 0.003242,
            "med": 0.031682,
            "max": 1.301076,
            "p(90)": 0.0416622,
            "p(95)": 0.04494979999999999
        },
        "http_req_duration{expected_response:true}": {
            "avg": 0.5488710968962928,
            "min": 0.059154,
            "med": 0.612428,
            "max": 6.040282,
            "p(90)": 0.7232334,
            "p(95)": 0.7704828
        },
        "http_req_tls_handshaking": {
            "p(95)": 0,
            "avg": 0,
            "min": 0,
            "med": 0,
            "max": 0,
            "p(90)": 0
        },
        "iteration_duration": {
            "avg": 1001.421483545193,
            "min": 1000.138572,
            "med": 1001.438944,
            "max": 1007.024046,
            "p(90)": 1001.9733474,
            "p(95)": 1002.0783272
        },
        "http_req_blocked": {
            "med": 0.012046,
            "max": 1.062468,
            "p(90)": 0.014843,
            "p(95)": 0.016364,
            "avg": 0.012959487842543521,
            "min": 0.00115
        },
        "http_req_connecting": {
            "med": 0,
            "max": 0.987644,
            "p(90)": 0,
            "p(95)": 0,
            "avg": 0.001489481665404997,
            "min": 0
        },
        "http_req_receiving": {
            "max": 4.945046,
            "p(90)": 0.136075,
            "p(95)": 0.1479106,
            "avg": 0.09652567515518486,
            "min": 0.006842,
            "med": 0.107156
        },
        "vus": {
            "value": 1,
            "min": 1,
            "max": 150
        },
        "http_reqs": {
            "count": 33025,
            "rate": 78.51606563752824
        },
        "http_req_waiting": {
            "med": 0.462378,
            "max": 4.234108,
            "p(90)": 0.571738,
            "p(95)": 0.6261655999999999,
            "avg": 0.4224198714307346,
            "min": 0.043121
        },
        "http_req_failed": {
            "passes": 0,
            "fails": 33025,
            "thresholds": {
                "rate<0.01": false
            },
            "value": 0
        },
        "data_sent": {
            "count": 2873175,
            "rate": 6830.8977104649575
        },
        "iterations": {
            "rate": 78.51606563752824,
            "count": 33025
        }
    }
}