{
    "root_group": {
        "groups": {},
        "checks": {},
        "name": "",
        "path": "",
        "id": "d41d8cd98f00b204e9800998ecf8427e"
    },
    "metrics": {
        "http_req_blocked": {
            "avg": 0.012868005934538372,
            "min": 0.001127,
            "med": 0.011985,
            "max": 0.668099,
            "p(90)": 0.014777400000000001,
            "p(95)": 0.01624509999999999
        },
        "http_req_failed": {
            "passes": 0,
            "fails": 33027,
            "thresholds": {
                "rate<0.01": false
            },
            "value": 0
        },
        "http_reqs": {
            "count": 33027,
            "rate": 78.5193279074183
        },
        "http_req_tls_handshaking": {
            "avg": 0,
            "min": 0,
            "med": 0,
            "max": 0,
            "p(90)": 0,
            "p(95)": 0
        },
        "vus": {
            "min": 1,
            "max": 150,
            "value": 1
        },
        "http_req_sending": {
            "avg": 0.02940507303115656,
            "min": 0.003118,
            "med": 0.03108,
            "max": 1.385469,
            "p(90)": 0.041299800000000005,
            "p(95)": 0.04449959999999998
        },
        "iteration_duration": {
            "p(95)": 1002.0654278,
            "avg": 1001.4024126119921,
            "min": 1000.129504,
            "med": 1001.416543,
            "max": 1006.693676,
            "p(90)": 1001.9651702
        },
        "vus_max": {
            "min": 150,
            "max": 150,
            "value": 150
        },
        "http_req_duration{expected_response:true}": {
            "avg": 0.5422678415236,
            "min": 0.05987,
            "med": 0.609921,
            "max": 4.858764,
            "p(90)": 0.7192882,
            "p(95)": 0.7707930999999999
        },
        "http_req_connecting": {
            "avg": 0.0015134916583401457,
            "min": 0,
            "med": 0,
            "max": 0.511695,
            "p(90)": 0,
            "p(95)": 0
        },
        "data_sent": {
            "count": 2873349,
            "rate": 6831.181527945392
        },
        "iterations": {
            "count": 33027,
            "rate": 78.5193279074183
        },
        "http_req_duration": {
            "avg": 0.5422678415236,
            "min": 0.05987,
            "med": 0.609921,
            "max": 4.858764,
            "p(90)": 0.7192882,
            "p(95)": 0.7707930999999999,
            "thresholds": {
                "p(95)<500": false
            }
        },
        "http_req_receiving": {
            "min": 0.0074,
            "med": 0.106311,
            "max": 4.345869,
            "p(90)": 0.1352886,
            "p(95)": 0.147642,
            "avg": 0.09493532022284762
        },
        "data_received": {
            "count": 28172031,
            "rate": 66976.98670502781
        },
        "http_req_waiting": {
            "med": 0.460408,
            "max": 4.446594,
            "p(90)": 0.5711142,
            "p(95)": 0.6282673,
            "avg": 0.4179274482695937,
            "min": 0.041187
        }
    }
}