{
    "root_group": {
        "checks": {},
        "name": "",
        "path": "",
        "id": "d41d8cd98f00b204e9800998ecf8427e",
        "groups": {}
    },
    "metrics": {
        "vus_max": {
            "value": 150,
            "min": 150,
            "max": 150
        },
        "http_req_duration{expected_response:true}": {
            "avg": 0.5598868120457834,
            "min": 0.052741,
            "med": 0.613781,
            "max": 3.899139,
            "p(90)": 0.7280124,
            "p(95)": 0.77735855
        },
        "data_received": {
            "count": 28169472,
            "rate": 66971.65668462863
        },
        "http_req_sending": {
            "med": 0.0313225,
            "max": 0.911415,
            "p(90)": 0.0413397,
            "p(95)": 0.04452259999999998,
            "avg": 0.030481045966569736,
            "min": 0.003278
        },
        "http_req_failed": {
            "passes": 0,
            "fails": 33024,
            "thresholds": {
                "rate<0.01": false
            },
            "value": 0
        },
        "http_req_duration": {
            "avg": 0.5598868120457834,
            "min": 0.052741,
            "med": 0.613781,
            "max": 3.899139,
            "p(90)": 0.7280124,
            "p(95)": 0.77735855,
            "thresholds": {
                "p(95)<500": false
            }
        },
        "http_reqs": {
            "count": 33024,
            "rate": 78.51307934891985
        },
        "http_req_receiving": {
            "max": 1.504607,
            "p(90)": 0.1348241,
            "p(95)": 0.1466218,
            "avg": 0.09675288017805236,
            "min": 0.007417,
            "med": 0.106113
        },
        "data_sent": {
            "count": 2873088,
            "rate": 6830.637903356026
        },
        "http_req_blocked": {
            "avg": 0.013223860465116243,
            "min": 0.001093,
            "med": 0.011977,
            "max": 0.640405,
            "p(90)": 0.014694,
            "p(95)": 0.01613185
        },
        "http_req_connecting": {
            "avg": 0.0016051367490310076,
            "min": 0,
            "med": 0,
            "max": 0.47885,
            "p(90)": 0,
            "p(95)": 0
        },
        "iteration_duration": {
            "avg": 1001.4246135958683,
            "min": 1000.151894,
            "med": 1001.437174,
            "max": 1004.976302,
            "p(90)": 1001.9757091,
            "p(95)": 1002.08102705
        },
        "http_req_tls_handshaking": {
            "p(95)": 0,
            "avg": 0,
            "min": 0,
            "med": 0,
            "max": 0,
            "p(90)": 0
        },
        "http_req_waiting": {
            "max": 3.498637,
            "p(90)": 0.5801063000000001,
            "p(95)": 0.6371555499999998,
            "avg": 0.4326528859011634,
            "min": 0.038693,
            "med": 0.4652075
        },
        "vus": {
            "min": 1,
            "max": 150,
            "value": 1
        },
        "iterations": {
            "count": 33024,
            "rate": 78.51307934891985
        }
    }
}