{
    "metrics": {
        "http_req_duration": {
            "min": 0.05999,
            "med": 0.618151,
            "max": 4.204339,
            "p(90)": 0.7348494,
            "p(95)": 0.7899542999999999,
            "avg": 0.5617125071313964,
            "thresholds": {
                "p(95)<500": false
            }
        },
        "http_req_failed": {
            "fails": 33023,
            "passes": 0,
            "thresholds": {
                "rate<0.01": false
            },
            "value": 0
        },
        "http_req_sending": {
            "p(90)": 0.0416116,
            "p(95)": 0.04458279999999999,
            "avg": 0.03005474769100304,
            "min": 0.003346,
            "med": 0.031411,
            "max": 0.628621
        },
        "http_reqs": {
            "count": 33023,
            "rate": 78.50634672101704
        },
        "vus_max": {
            "value": 150,
            "min": 150,
            "max": 150
        },
        "http_req_blocked": {
            "avg": 0.013082263876691943,
            "min": 0.000995,
            "med": 0.01201,
            "max": 0.732032,
            "p(90)": 0.014938,
            "p(95)": 0.016384
        },
        "http_req_connecting": {
            "max": 0.590974,
            "p(90)": 0,
            "p(95)": 0,
            "avg": 0.001479195742361385,
            "min": 0,
            "med": 0
        },
        "http_req_receiving": {
            "avg": 0.09689866129667099,
            "min": 0.007518,
            "med": 0.106849,
            "max": 1.614698,
            "p(90)": 0.1353346,
            "p(95)": 0.1471578
        },
        "iteration_duration": {
            "p(95)": 1002.0967489,
            "avg": 1001.4433080099578,
            "min": 1000.131317,
            "med": 1001.465471,
            "max": 1004.863235,
            "p(90)": 1001.9923358
        },
        "vus": {
            "value": 1,
            "min": 1,
            "max": 150
        },
        "http_req_duration{expected_response:true}": {
            "min": 0.05999,
            "med": 0.618151,
            "max": 4.204339,
            "p(90)": 0.7348494,
            "p(95)": 0.7899542999999999,
            "avg": 0.5617125071313964
        },
        "http_req_waiting": {
            "avg": 0.43475909814372216,
            "min": 0.043504,
            "med": 0.468545,
            "max": 4.104368,
            "p(90)": 0.5865574,
            "p(95)": 0.6525661
        },
        "data_received": {
            "count": 28168619,
            "rate": 66965.91375302753
        },
        "data_sent": {
            "count": 2873001,
            "rate": 6830.052164728482
        },
        "iterations": {
            "count": 33023,
            "rate": 78.50634672101704
        },
        "http_req_tls_handshaking": {
            "p(95)": 0,
            "avg": 0,
            "min": 0,
            "med": 0,
            "max": 0,
            "p(90)": 0
        }
    },
    "root_group": {
        "name": "",
        "path": "",
        "id": "d41d8cd98f00b204e9800998ecf8427e",
        "groups": {},
        "checks": {}
    }
}