{
    "root_group": {
        "name": "",
        "path": "",
        "id": "d41d8cd98f00b204e9800998ecf8427e",
        "groups": {},
        "checks": {}
    },
    "metrics": {
        "http_req_waiting": {
            "med": 0.46172599999999997,
            "max": 4.9408,
            "p(90)": 0.5814289,
            "p(95)": 0.6387611999999999,
            "avg": 0.4260055156552819,
            "min": 0.044508
        },
        "vus_max": {
            "value": 150,
            "min": 150,
            "max": 150
        },
        "http_req_duration{expected_response:true}": {
            "p(90)": 0.7283899,
            "p(95)": 0.77924735,
            "avg": 0.550788850684353,
            "min": 0.06616,
            "med": 0.6092535,
            "max": 5.079882
        },
        "http_req_connecting": {
            "max": 1.50722,
            "p(90)": 0,
            "p(95)": 0,
            "avg": 0.0016262796148255815,
            "min": 0,
            "med": 0
        },
        "http_req_failed": {
            "passes": 0,
            "fails": 33024,
            "thresholds": {
                "rate<0.01": false
            },
            "value": 0
        },
        "http_req_duration": {
            "avg": 0.550788850684353,
            "min": 0.06616,
            "med": 0.6092535,
            "max": 5.079882,
            "p(90)": 0.7283899,
            "p(95)": 0.77924735,
            "thresholds": {
                "p(95)<500": false
            }
        },
        "http_reqs": {
            "count": 33024,
            "rate": 78.5152119423089
        },
        "data_sent": {
            "count": 2873088,
            "rate": 6830.823438980874
        },
        "iterations": {
            "count": 33024,
            "rate": 78.5152119423089
        },
        "iteration_duration": {
            "avg": 1001.4115665251929,
            "min": 1000.140748,
            "med": 1001.4300555,
            "max": 1006.840754,
            "p(90)": 1001.9675889,
            "p(95)": 1002.07831285
        },
        "http_req_tls_handshaking": {
            "max": 0,
            "p(90)": 0,
            "p(95)": 0,
            "avg": 0,
            "min": 0,
            "med": 0
        },
        "http_req_sending": {
            "avg": 0.029743110889050715,
            "min": 0.003347,
            "med": 0.031034,
            "max": 1.163405,
            "p(90)": 0.041291100000000004,
            "p(95)": 0.044160399999999995
        },
        "http_req_receiving": {
            "max": 3.410274,
            "p(90)": 0.1340877,
            "p(95)": 0.14568085,
            "avg": 0.09504022414001953,
            "min": 0.00721,
            "med": 0.1050305
        },
        "http_req_blocked": {
            "med": 0.011892,
            "max": 1.62648,
            "p(90)": 0.014758700000000001,
            "p(95)": 0.01618985,
            "avg": 0.013078915667393318,
            "min": 0.001112
        },
        "vus": {
            "value": 1,
            "min": 1,
            "max": 150
        },
        "data_received": {
            "rate": 66973.47578678948,
            "count": 28169472
        }
    }
}