{
    "root_group": {
        "name": "",
        "path": "",
        "id": "d41d8cd98f00b204e9800998ecf8427e",
        "groups": {},
        "checks": {}
    },
    "metrics": {
        "http_req_receiving": {
            "med": 0.105492,
            "max": 2.563291,
            "p(90)": 0.1342182,
            "p(95)": 0.14606499999999997,
            "avg": 0.09416866618221487,
            "min": 0.007529
        },
        "http_req_failed": {
            "passes": 0,
            "fails": 33027,
            "thresholds": {
                "rate<0.01": false
            },
            "value": 0
        },
        "http_req_duration{expected_response:true}": {
            "avg": 0.5471314502679651,
            "min": 0.057607,
            "med": 0.613568,
            "max": 4.572841,
            "p(90)": 0.7306888,
            "p(95)": 0.7851771
        },
        "data_received": {
            "count": 28172031,
            "rate": 66972.84482081495
        },
        "http_reqs": {
            "count": 33027,
            "rate": 78.51447224011132
        },
        "http_req_connecting": {
            "avg": 0.0015232025918188149,
            "min": 0,
            "med": 0,
            "max": 0.541454,
            "p(90)": 0,
            "p(95)": 0
        },
        "http_req_sending": {
            "max": 0.74025,
            "p(90)": 0.0413608,
            "p(95)": 0.0443034,
            "avg": 0.029480033306082856,
            "min": 0.003247,
            "med": 0.031078
        },
        "http_req_waiting": {
            "min": 0.041923,
            "med": 0.464553,
            "max": 3.992687,
            "p(90)": 0.5835044,
            "p(95)": 0.647268,
            "avg": 0.4234827507796689
        },
        "http_req_duration": {
            "avg": 0.5471314502679651,
            "min": 0.057607,
            "med": 0.613568,
            "max": 4.572841,
            "p(90)": 0.7306888,
            "p(95)": 0.7851771,
            "thresholds": {
                "p(95)<500": false
            }
        },
        "http_req_tls_handshaking": {
            "max": 0,
            "p(90)": 0,
            "p(95)": 0,
            "avg": 0,
            "min": 0,
            "med": 0
        },
        "vus_max": {
            "value": 150,
            "min": 150,
            "max": 150
        },
        "iteration_duration": {
            "min": 1000.133442,
            "med": 1001.425473,
            "max": 1006.516069,
            "p(90)": 1001.9744358,
            "p(95)": 1002.0792423,
            "avg": 1001.4100136235518
        },
        "iterations": {
            "count": 33027,
            "rate": 78.51447224011132
        },
        "vus": {
            "value": 1,
            "min": 1,
            "max": 150
        },
        "data_sent": {
            "count": 2873349,
            "rate": 6830.759084889684
        },
        "http_req_blocked": {
            "avg": 0.012785199927332208,
            "min": 0.001139,
            "med": 0.011794,
            "max": 1.416966,
            "p(90)": 0.0146224,
            "p(95)": 0.016067699999999997
        }
    }
}