{
    "metrics": {
        "http_req_duration": {
            "min": 0.057997,
            "med": 0.609994,
            "max": 4.951285,
            "p(90)": 0.7272376,
            "p(95)": 0.7766614000000001,
            "avg": 0.540954764647106,
            "thresholds": {
                "p(95)<500": false
            }
        },
        "data_received": {
            "count": 28172031,
            "rate": 66976.64630786522
        },
        "http_req_failed": {
            "passes": 0,
            "fails": 33027,
            "thresholds": {
                "rate<0.01": false
            },
            "value": 0
        },
        "http_reqs": {
            "count": 33027,
            "rate": 78.51892884861103
        },
        "iteration_duration": {
            "p(95)": 1002.0683592,
            "avg": 1001.4063662383181,
            "min": 1000.107592,
            "med": 1001.421518,
            "max": 1006.325199,
            "p(90)": 1001.9695138
        },
        "http_req_waiting": {
            "p(90)": 0.5777966000000001,
            "p(95)": 0.6338595999999997,
            "avg": 0.4173579357798168,
            "min": 0.042027,
            "med": 0.460855,
            "max": 4.020628
        },
        "http_req_receiving": {
            "med": 0.105895,
            "max": 4.176643,
            "p(90)": 0.1349252,
            "p(95)": 0.14686489999999996,
            "avg": 0.0945404195355312,
            "min": 0.007534
        },
        "http_req_blocked": {
            "min": 0.001101,
            "med": 0.011903,
            "max": 0.647417,
            "p(90)": 0.0147544,
            "p(95)": 0.016262399999999993,
            "avg": 0.01263627301904503
        },
        "vus": {
            "value": 1,
            "min": 1,
            "max": 150
        },
        "http_req_sending": {
            "min": 0.003231,
            "med": 0.031041,
            "max": 0.913716,
            "p(90)": 0.041322,
            "p(95)": 0.0439544,
            "avg": 0.029056409331759153
        },
        "iterations": {
            "count": 33027,
            "rate": 78.51892884861103
        },
        "http_req_connecting": {
            "avg": 0.0014380050867472062,
            "min": 0,
            "med": 0,
            "max": 0.483545,
            "p(90)": 0,
            "p(95)": 0
        },
        "data_sent": {
            "count": 2873349,
            "rate": 6831.14680982916
        },
        "http_req_tls_handshaking": {
            "max": 0,
            "p(90)": 0,
            "p(95)": 0,
            "avg": 0,
            "min": 0,
            "med": 0
        },
        "vus_max": {
            "max": 150,
            "value": 150,
            "min": 150
        },
        "http_req_duration{expected_response:true}": {
            "avg": 0.540954764647106,
            "min": 0.057997,
            "med": 0.609994,
            "max": 4.951285,
            "p(90)": 0.7272376,
            "p(95)": 0.7766614000000001
        }
    },
    "root_group": {
        "path": "",
        "id": "d41d8cd98f00b204e9800998ecf8427e",
        "groups": {},
        "checks": {},
        "name": ""
    }
}