{
    "root_group": {
        "groups": {},
        "checks": {},
        "name": "",
        "path": "",
        "id": "d41d8cd98f00b204e9800998ecf8427e"
    },
    "metrics": {
        "vus": {
            "value": 1,
            "min": 1,
            "max": 150
        },
        "http_reqs": {
            "count": 33024,
            "rate": 78.50858290337105
        },
        "http_req_tls_handshaking": {
            "max": 0,
            "p(90)": 0,
            "p(95)": 0,
            "avg": 0,
            "min": 0,
            "med": 0
        },
        "http_req_duration{expected_response:true}": {
            "max": 5.108703,
            "p(90)": 0.7244821,
            "p(95)": 0.7718179,
            "avg": 0.552581175357318,
            "min": 0.057868,
            "med": 0.6167095
        },
        "data_received": {
            "count": 28169472,
            "rate": 66967.82121657551
        },
        "iterations": {
            "rate": 78.50858290337105,
            "count": 33024
        },
        "http_req_waiting": {
            "p(90)": 0.5746022,
            "p(95)": 0.6281184999999999,
            "avg": 0.42670781782945816,
            "min": 0.042801,
            "med": 0.467353,
            "max": 3.587873
        },
        "http_req_connecting": {
            "med": 0,
            "max": 0.519375,
            "p(90)": 0,
            "p(95)": 0,
            "avg": 0.0016097520591085274,
            "min": 0
        },
        "http_req_blocked": {
            "p(90)": 0.014752,
            "p(95)": 0.0162567,
            "avg": 0.013083109132751949,
            "min": 0.001098,
            "med": 0.011904,
            "max": 0.769525
        },
        "data_sent": {
            "count": 2873088,
            "rate": 6830.246712593282
        },
        "http_req_failed": {
            "passes": 0,
            "fails": 33024,
            "thresholds": {
                "rate<0.01": false
            },
            "value": 0
        },
        "vus_max": {
            "value": 150,
            "min": 150,
            "max": 150
        },
        "http_req_duration": {
            "max": 5.108703,
            "p(90)": 0.7244821,
            "p(95)": 0.7718179,
            "avg": 0.552581175357318,
            "min": 0.057868,
            "med": 0.6167095,
            "thresholds": {
                "p(95)<500": false
            }
        },
        "http_req_sending": {
            "p(90)": 0.041325400000000005,
            "p(95)": 0.044561699999999996,
            "avg": 0.029702161458333355,
            "min": 0.003192,
            "med": 0.0313475,
            "max": 0.795093
        },
        "http_req_receiving": {
            "avg": 0.09617119606952529,
            "min": 0.007154,
            "med": 0.1067645,
            "max": 4.411893,
            "p(90)": 0.13555540000000002,
            "p(95)": 0.14755995
        },
        "iteration_duration": {
            "avg": 1001.4246484567553,
            "min": 1000.126284,
            "med": 1001.436938,
            "max": 1040.14883,
            "p(90)": 1001.981819,
            "p(95)": 1002.0831111
        }
    }
}