{
    "metrics": {
        "vus_max": {
            "value": 150,
            "min": 150,
            "max": 150
        },
        "data_received": {
            "rate": 66971.74074212681,
            "count": 28170325
        },
        "http_req_connecting": {
            "avg": 0.001390182952308858,
            "min": 0,
            "med": 0,
            "max": 0.486214,
            "p(90)": 0,
            "p(95)": 0
        },
        "http_req_receiving": {
            "p(90)": 0.1342506,
            "p(95)": 0.1461092,
            "avg": 0.09407264478425438,
            "min": 0.007308,
            "med": 0.106195,
            "max": 2.04295
        },
        "http_req_tls_handshaking": {
            "max": 0,
            "p(90)": 0,
            "p(95)": 0,
            "avg": 0,
            "min": 0,
            "med": 0
        },
        "http_req_duration": {
            "max": 4.605806,
            "p(90)": 0.7224724,
            "p(95)": 0.7672553999999999,
            "avg": 0.5423438096593506,
            "min": 0.057172,
            "med": 0.612591,
            "thresholds": {
                "p(95)<500": false
            }
        },
        "iteration_duration": {
            "p(95)": 1002.0707322,
            "avg": 1001.4030615997187,
            "min": 1000.133553,
            "med": 1001.416813,
            "max": 1005.171368,
            "p(90)": 1001.9688806
        },
        "http_req_failed": {
            "passes": 0,
            "fails": 33025,
            "thresholds": {
                "rate<0.01": false
            },
            "value": 0
        },
        "http_req_blocked": {
            "med": 0.011875,
            "max": 1.184159,
            "p(90)": 0.014678600000000002,
            "p(95)": 0.0161608,
            "avg": 0.01263392651021949,
            "min": 0.001062
        },
        "http_req_waiting": {
            "avg": 0.418922894867524,
            "min": 0.04255,
            "med": 0.463954,
            "max": 4.500089,
            "p(90)": 0.5722792000000002,
            "p(95)": 0.621317
        },
        "data_sent": {
            "count": 2873175,
            "rate": 6830.646476629581
        },
        "http_reqs": {
            "count": 33025,
            "rate": 78.51317789229404
        },
        "http_req_sending": {
            "avg": 0.029348270007569774,
            "min": 0.003227,
            "med": 0.03136,
            "max": 1.054858,
            "p(90)": 0.041292800000000005,
            "p(95)": 0.0441566
        },
        "iterations": {
            "count": 33025,
            "rate": 78.51317789229404
        },
        "http_req_duration{expected_response:true}": {
            "min": 0.057172,
            "med": 0.612591,
            "max": 4.605806,
            "p(90)": 0.7224724,
            "p(95)": 0.7672553999999999,
            "avg": 0.5423438096593506
        },
        "vus": {
            "value": 1,
            "min": 1,
            "max": 150
        }
    },
    "root_group": {
        "groups": {},
        "checks": {},
        "name": "",
        "path": "",
        "id": "d41d8cd98f00b204e9800998ecf8427e"
    }
}