{
    "root_group": {
        "path": "",
        "id": "d41d8cd98f00b204e9800998ecf8427e",
        "groups": {},
        "checks": {},
        "name": ""
    },
    "metrics": {
        "http_req_duration{expected_response:true}": {
            "p(95)": 0.769278,
            "avg": 0.5393654611215416,
            "min": 0.056172,
            "med": 0.6068115000000001,
            "max": 2.942381,
            "p(90)": 0.71957
        },
        "http_req_tls_handshaking": {
            "min": 0,
            "med": 0,
            "max": 0,
            "p(90)": 0,
            "p(95)": 0,
            "avg": 0
        },
        "http_req_receiving": {
            "max": 1.786383,
            "p(90)": 0.133837,
            "p(95)": 0.14465475,
            "avg": 0.09359389726276174,
            "min": 0.007522,
            "med": 0.1055995
        },
        "data_received": {
            "count": 28171178,
            "rate": 66976.76799073236
        },
        "http_req_duration": {
            "p(95)": 0.769278,
            "avg": 0.5393654611215416,
            "min": 0.056172,
            "med": 0.6068115000000001,
            "max": 2.942381,
            "p(90)": 0.71957,
            "thresholds": {
                "p(95)<500": false
            }
        },
        "http_req_connecting": {
            "p(90)": 0,
            "p(95)": 0,
            "avg": 0.0015449006540301587,
            "min": 0,
            "med": 0,
            "max": 0.488281
        },
        "http_req_sending": {
            "p(90)": 0.0414475,
            "p(95)": 0.0443895,
            "avg": 0.029412347302125563,
            "min": 0.003163,
            "med": 0.0312445,
            "max": 0.977084
        },
        "http_req_waiting": {
            "med": 0.459123,
            "max": 2.734477,
            "p(90)": 0.570564,
            "p(95)": 0.62801725,
            "avg": 0.4163592165566528,
            "min": 0.040308
        },
        "iteration_duration": {
            "max": 1006.821697,
            "p(90)": 1001.9671605000001,
            "p(95)": 1002.0663755,
            "avg": 1001.4001732369106,
            "min": 1000.143726,
            "med": 1001.4124555000001
        },
        "http_reqs": {
            "rate": 78.51907150144473,
            "count": 33026
        },
        "iterations": {
            "count": 33026,
            "rate": 78.51907150144473
        },
        "vus_max": {
            "value": 150,
            "min": 150,
            "max": 150
        },
        "vus": {
            "value": 1,
            "min": 1,
            "max": 150
        },
        "http_req_failed": {
            "fails": 33026,
            "passes": 0,
            "thresholds": {
                "rate<0.01": false
            },
            "value": 0
        },
        "data_sent": {
            "count": 2873262,
            "rate": 6831.159220625692
        },
        "http_req_blocked": {
            "max": 0.649346,
            "p(90)": 0.014929999999999999,
            "p(95)": 0.01628,
            "avg": 0.012949483437291841,
            "min": 0.001142,
            "med": 0.012042
        }
    }
}