{
    "root_group": {
        "id": "d41d8cd98f00b204e9800998ecf8427e",
        "groups": {},
        "checks": {},
        "name": "",
        "path": ""
    },
    "metrics": {
        "data_sent": {
            "count": 2873088,
            "rate": 6830.551750264804
        },
        "http_req_waiting": {
            "p(90)": 0.5881123,
            "p(95)": 0.6518616499999998,
            "avg": 0.43453672332243337,
            "min": 0.033662,
            "med": 0.465825,
            "max": 4.478819
        },
        "vus": {
            "value": 1,
            "min": 1,
            "max": 150
        },
        "http_req_receiving": {
            "avg": 0.09752495245881818,
            "min": 0.007197,
            "med": 0.1063265,
            "max": 1.637476,
            "p(90)": 0.13552350000000002,
            "p(95)": 0.14764095
        },
        "iteration_duration": {
            "p(95)": 1002.0851676,
            "avg": 1001.4270559079202,
            "min": 1000.15221,
            "med": 1001.443572,
            "max": 1006.414806,
            "p(90)": 1001.9754207
        },
        "iterations": {
            "rate": 78.5120890835035,
            "count": 33024
        },
        "vus_max": {
            "value": 150,
            "min": 150,
            "max": 150
        },
        "http_reqs": {
            "rate": 78.5120890835035,
            "count": 33024
        },
        "http_req_duration{expected_response:true}": {
            "p(90)": 0.7343055,
            "p(95)": 0.7927453999999999,
            "avg": 0.5626617497274671,
            "min": 0.051983,
            "med": 0.6150215,
            "max": 5.055763
        },
        "http_req_connecting": {
            "avg": 0.001640833393895349,
            "min": 0,
            "med": 0,
            "max": 0.517393,
            "p(90)": 0,
            "p(95)": 0
        },
        "http_req_duration": {
            "min": 0.051983,
            "med": 0.6150215,
            "max": 5.055763,
            "p(90)": 0.7343055,
            "p(95)": 0.7927453999999999,
            "avg": 0.5626617497274671,
            "thresholds": {
                "p(95)<500": false
            }
        },
        "http_req_blocked": {
            "med": 0.011929,
            "max": 0.696029,
            "p(90)": 0.014810700000000001,
            "p(95)": 0.016198,
            "avg": 0.013304377785852669,
            "min": 0.001171
        },
        "data_received": {
            "count": 28169472,
            "rate": 66970.81198822848
        },
        "http_req_failed": {
            "passes": 0,
            "fails": 33024,
            "thresholds": {
                "rate<0.01": false
            },
            "value": 0
        },
        "http_req_tls_handshaking": {
            "min": 0,
            "med": 0,
            "max": 0,
            "p(90)": 0,
            "p(95)": 0,
            "avg": 0
        },
        "http_req_sending": {
            "min": 0.00315,
            "med": 0.0312235,
            "max": 1.277511,
            "p(90)": 0.04152750000000001,
            "p(95)": 0.0446547,
            "avg": 0.030600073946220798
        }
    }
}