{
    "metrics": {
        "http_req_duration": {
            "avg": 0.5537279210876915,
            "min": 0.057283,
            "med": 0.615895,
            "max": 5.883309,
            "p(90)": 0.7368747,
            "p(95)": 0.79497675,
            "thresholds": {
                "p(95)<500": false
            }
        },
        "data_sent": {
            "count": 2873088,
            "rate": 6830.720509155058
        },
        "http_req_duration{expected_response:true}": {
            "avg": 0.5537279210876915,
            "min": 0.057283,
            "med": 0.615895,
            "max": 5.883309,
            "p(90)": 0.7368747,
            "p(95)": 0.79497675
        },
        "iterations": {
            "count": 33024,
            "rate": 78.51402884086274
        },
        "http_reqs": {
            "count": 33024,
            "rate": 78.51402884086274
        },
        "http_req_sending": {
            "avg": 0.029155386294816007,
            "min": 0.003202,
            "med": 0.0308945,
            "max": 2.1351,
            "p(90)": 0.0408547,
            "p(95)": 0.0435567
        },
        "http_req_blocked": {
            "avg": 0.012913391109496051,
            "min": 0.00113,
            "med": 0.011968,
            "max": 0.883519,
            "p(90)": 0.014814700000000002,
            "p(95)": 0.01625
        },
        "http_req_connecting": {
            "max": 0.51112,
            "p(90)": 0,
            "p(95)": 0,
            "avg": 0.0015040776405038758,
            "min": 0,
            "med": 0
        },
        "vus_max": {
            "value": 150,
            "min": 150,
            "max": 150
        },
        "http_req_receiving": {
            "min": 0.00745,
            "med": 0.1062245,
            "max": 5.18224,
            "p(90)": 0.1350124,
            "p(95)": 0.14713210000000002,
            "avg": 0.09520245633478618
        },
        "iteration_duration": {
            "p(95)": 1002.0904223,
            "avg": 1001.4292615633999,
            "min": 1000.120254,
            "med": 1001.4482315,
            "max": 1007.012313,
            "p(90)": 1001.987942
        },
        "data_received": {
            "count": 28169472,
            "rate": 66972.46660125592
        },
        "vus": {
            "value": 1,
            "min": 1,
            "max": 150
        },
        "http_req_tls_handshaking": {
            "p(90)": 0,
            "p(95)": 0,
            "avg": 0,
            "min": 0,
            "med": 0,
            "max": 0
        },
        "http_req_failed": {
            "passes": 0,
            "fails": 33024,
            "thresholds": {
                "rate<0.01": false
            },
            "value": 0
        },
        "http_req_waiting": {
            "p(90)": 0.5888779,
            "p(95)": 0.6540319499999998,
            "avg": 0.4293700784580928,
            "min": 0.038759,
            "med": 0.467275,
            "max": 4.0871
        }
    },
    "root_group": {
        "name": "",
        "path": "",
        "id": "d41d8cd98f00b204e9800998ecf8427e",
        "groups": {},
        "checks": {}
    }
}