{
    "metrics": {
        "http_req_receiving": {
            "avg": 0.08670356785769087,
            "min": 0.007323,
            "med": 0.0997325,
            "max": 3.145929,
            "p(90)": 0.131767,
            "p(95)": 0.1435065
        },
        "iterations": {
            "count": 39126,
            "rate": 130.2264111428163
        },
        "http_req_failed": {
            "fails": 39126,
            "passes": 0,
            "thresholds": {
                "rate<0.01": false
            },
            "value": 0
        },
        "data_sent": {
            "count": 3403962,
            "rate": 11329.697769425018
        },
        "iteration_duration": {
            "med": 1001.3421060000001,
            "max": 1025.183237,
            "p(90)": 1001.9337805,
            "p(95)": 1002.0550175,
            "avg": 1001.3421510385464,
            "min": 1000.11968
        },
        "http_reqs": {
            "count": 39126,
            "rate": 130.2264111428163
        },
        "http_req_sending": {
            "avg": 0.026984855364719142,
            "min": 0.00311,
            "med": 0.029331,
            "max": 0.841684,
            "p(90)": 0.03879,
            "p(95)": 0.0434305
        },
        "http_req_waiting": {
            "avg": 0.4182151690691588,
            "min": 0.037263,
            "med": 0.447638,
            "max": 3.465337,
            "p(90)": 0.658441,
            "p(95)": 0.7344312500000001
        },
        "http_req_tls_handshaking": {
            "avg": 0,
            "min": 0,
            "med": 0,
            "max": 0,
            "p(90)": 0,
            "p(95)": 0
        },
        "http_req_duration{expected_response:true}": {
            "avg": 0.5319035922915649,
            "min": 0.054085,
            "med": 0.593216,
            "max": 4.048957,
            "p(90)": 0.799478,
            "p(95)": 0.8780045000000001
        },
        "http_req_blocked": {
            "p(95)": 0.01601275,
            "avg": 0.014028890482032196,
            "min": 0.001157,
            "med": 0.011346,
            "max": 24.303727,
            "p(90)": 0.01452
        },
        "vus": {
            "value": 1,
            "min": 1,
            "max": 300
        },
        "data_received": {
            "count": 33374478,
            "rate": 111083.1287048223
        },
        "http_req_duration": {
            "med": 0.593216,
            "max": 4.048957,
            "p(90)": 0.799478,
            "p(95)": 0.8780045000000001,
            "avg": 0.5319035922915649,
            "min": 0.054085,
            "thresholds": {
                "p(95)<500": false
            }
        },
        "vus_max": {
            "max": 300,
            "value": 300,
            "min": 300
        },
        "http_req_connecting": {
            "avg": 0.0033070270919593136,
            "min": 0,
            "med": 0,
            "max": 24.238167,
            "p(90)": 0,
            "p(95)": 0
        }
    },
    "root_group": {
        "groups": {},
        "checks": {},
        "name": "",
        "path": "",
        "id": "d41d8cd98f00b204e9800998ecf8427e"
    }
}