{
    "metrics": {
        "data_sent": {
            "count": 3403875,
            "rate": 11329.240530946665
        },
        "iteration_duration": {
            "min": 1000.122674,
            "med": 1001.350591,
            "max": 1014.395447,
            "p(90)": 1001.9431746,
            "p(95)": 1002.0697484,
            "avg": 1001.3518362775369
        },
        "http_req_duration": {
            "p(95)": 0.8607937999999995,
            "avg": 0.5350984548753963,
            "min": 0.056144,
            "med": 0.592792,
            "max": 4.082395,
            "p(90)": 0.7837204,
            "thresholds": {
                "p(95)<500": false
            }
        },
        "http_req_duration{expected_response:true}": {
            "max": 4.082395,
            "p(90)": 0.7837204,
            "p(95)": 0.8607937999999995,
            "avg": 0.5350984548753963,
            "min": 0.056144,
            "med": 0.592792
        },
        "vus": {
            "max": 300,
            "value": 1,
            "min": 1
        },
        "vus_max": {
            "value": 300,
            "min": 300,
            "max": 300
        },
        "http_req_blocked": {
            "p(95)": 0.016162,
            "avg": 0.014125155143769847,
            "min": 0.001211,
            "med": 0.011603,
            "max": 12.604015,
            "p(90)": 0.014693
        },
        "http_req_waiting": {
            "max": 3.730729,
            "p(90)": 0.6482656,
            "p(95)": 0.7212387999999994,
            "avg": 0.41951128529073506,
            "min": 0.038357,
            "med": 0.448207
        },
        "http_reqs": {
            "rate": 130.22115552812258,
            "count": 39125
        },
        "http_req_connecting": {
            "p(90)": 0,
            "p(95)": 0,
            "avg": 0.003053909623003191,
            "min": 0,
            "med": 0,
            "max": 12.466924
        },
        "http_req_tls_handshaking": {
            "med": 0,
            "max": 0,
            "p(90)": 0,
            "p(95)": 0,
            "avg": 0,
            "min": 0
        },
        "http_req_receiving": {
            "p(95)": 0.14264459999999998,
            "avg": 0.08772202379552706,
            "min": 0.006919,
            "med": 0.099666,
            "max": 2.740266,
            "p(90)": 0.13083039999999999
        },
        "http_req_sending": {
            "avg": 0.027865145789137392,
            "min": 0.003314,
            "med": 0.029737,
            "max": 0.866741,
            "p(90)": 0.039031199999999995,
            "p(95)": 0.04363379999999999
        },
        "http_req_failed": {
            "passes": 0,
            "fails": 39125,
            "thresholds": {
                "rate<0.01": false
            },
            "value": 0
        },
        "data_received": {
            "count": 33373625,
            "rate": 111078.64566548857
        },
        "iterations": {
            "count": 39125,
            "rate": 130.22115552812258
        }
    },
    "root_group": {
        "groups": {},
        "checks": {},
        "name": "",
        "path": "",
        "id": "d41d8cd98f00b204e9800998ecf8427e"
    }
}