{
    "root_group": {
        "name": "",
        "path": "",
        "id": "d41d8cd98f00b204e9800998ecf8427e",
        "groups": {},
        "checks": {}
    },
    "metrics": {
        "http_req_tls_handshaking": {
            "avg": 0,
            "min": 0,
            "med": 0,
            "max": 0,
            "p(90)": 0,
            "p(95)": 0
        },
        "http_req_duration": {
            "med": 0.6694960000000001,
            "max": 2.564965,
            "p(90)": 0.7138395,
            "p(95)": 0.72935465,
            "avg": 0.6225459371364674,
            "min": 0.125624,
            "thresholds": {
                "p(95)<500": false
            }
        },
        "http_req_sending": {
            "p(90)": 0.0440952,
            "p(95)": 0.04929885,
            "avg": 0.03567518232662194,
            "min": 0.005028,
            "med": 0.0350165,
            "max": 0.97848
        },
        "http_reqs": {
            "rate": 10.626460462066808,
            "count": 4470
        },
        "vus": {
            "value": 1,
            "min": 1,
            "max": 20
        },
        "vus_max": {
            "min": 20,
            "max": 20,
            "value": 20
        },
        "iteration_duration": {
            "avg": 1001.502744947651,
            "min": 1000.229146,
            "med": 1001.5405304999999,
            "max": 1003.692737,
            "p(90)": 1001.9901166,
            "p(95)": 1002.0511167999999
        },
        "http_req_failed": {
            "passes": 0,
            "fails": 4470,
            "thresholds": {
                "rate<0.01": false
            },
            "value": 0
        },
        "http_req_receiving": {
            "avg": 0.11228135257270692,
            "min": 0.016261,
            "med": 0.1127685,
            "max": 0.994149,
            "p(90)": 0.14764639999999998,
            "p(95)": 0.15705695
        },
        "http_req_blocked": {
            "min": 0.002186,
            "med": 0.0129295,
            "max": 0.618114,
            "p(90)": 0.015348,
            "p(95)": 0.01701055,
            "avg": 0.01485133176733781
        },
        "http_req_duration{expected_response:true}": {
            "max": 2.564965,
            "p(90)": 0.7138395,
            "p(95)": 0.72935465,
            "avg": 0.6225459371364674,
            "min": 0.125624,
            "med": 0.6694960000000001
        },
        "data_received": {
            "count": 3812910,
            "rate": 9064.370774142986
        },
        "http_req_connecting": {
            "med": 0,
            "max": 0.468579,
            "p(90)": 0,
            "p(95)": 0,
            "avg": 0.0017568434004474273,
            "min": 0
        },
        "data_sent": {
            "count": 388890,
            "rate": 924.5020601998123
        },
        "iterations": {
            "count": 4470,
            "rate": 10.626460462066808
        },
        "http_req_waiting": {
            "med": 0.51376,
            "max": 2.384291,
            "p(90)": 0.5477576000000001,
            "p(95)": 0.55735285,
            "avg": 0.4745894022371371,
            "min": 0.067559
        }
    }
}