{
    "metrics": {
        "iteration_duration": {
            "p(90)": 1001.9927958,
            "p(95)": 1002.0575177,
            "avg": 1001.502032577406,
            "min": 1000.259907,
            "med": 1001.52433,
            "max": 1003.577682
        },
        "iterations": {
            "count": 4470,
            "rate": 10.626784023602946
        },
        "http_req_blocked": {
            "p(95)": 0.01669995,
            "avg": 0.014784681879194597,
            "min": 0.002023,
            "med": 0.012799,
            "max": 0.654588,
            "p(90)": 0.0149021
        },
        "vus_max": {
            "value": 20,
            "min": 20,
            "max": 20
        },
        "http_req_duration": {
            "max": 2.469397,
            "p(90)": 0.7247782,
            "p(95)": 0.74227215,
            "avg": 0.6281737979865779,
            "min": 0.101325,
            "med": 0.6778155,
            "thresholds": {
                "p(95)<500": false
            }
        },
        "data_received": {
            "count": 3812910,
            "rate": 9064.646772133312
        },
        "http_req_failed": {
            "passes": 0,
            "fails": 4470,
            "thresholds": {
                "rate<0.01": false
            },
            "value": 0
        },
        "http_req_connecting": {
            "max": 0.503089,
            "p(90)": 0,
            "p(95)": 0,
            "avg": 0.0017252541387024613,
            "min": 0,
            "med": 0
        },
        "vus": {
            "value": 1,
            "min": 1,
            "max": 20
        },
        "data_sent": {
            "count": 388890,
            "rate": 924.5302100534562
        },
        "http_reqs": {
            "count": 4470,
            "rate": 10.626784023602946
        },
        "http_req_waiting": {
            "min": 0.072587,
            "med": 0.518929,
            "max": 1.678629,
            "p(90)": 0.5606698999999999,
            "p(95)": 0.56846255,
            "avg": 0.48005097203579383
        },
        "http_req_duration{expected_response:true}": {
            "avg": 0.6281737979865779,
            "min": 0.101325,
            "med": 0.6778155,
            "max": 2.469397,
            "p(90)": 0.7247782,
            "p(95)": 0.74227215
        },
        "http_req_sending": {
            "avg": 0.03563484004474262,
            "min": 0.004928,
            "med": 0.034788,
            "max": 0.680315,
            "p(90)": 0.043855399999999996,
            "p(95)": 0.04880020000000001
        },
        "http_req_tls_handshaking": {
            "avg": 0,
            "min": 0,
            "med": 0,
            "max": 0,
            "p(90)": 0,
            "p(95)": 0
        },
        "http_req_receiving": {
            "p(95)": 0.1581866,
            "avg": 0.11248798590604023,
            "min": 0.016178,
            "med": 0.1132305,
            "max": 0.971304,
            "p(90)": 0.1467757
        }
    },
    "root_group": {
        "checks": {},
        "name": "",
        "path": "",
        "id": "d41d8cd98f00b204e9800998ecf8427e",
        "groups": {}
    }
}