{
    "root_group": {
        "name": "",
        "path": "",
        "id": "d41d8cd98f00b204e9800998ecf8427e",
        "groups": {},
        "checks": {}
    },
    "metrics": {
        "http_req_receiving": {
            "avg": 0.11110354429530211,
            "min": 0.010749,
            "med": 0.112022,
            "max": 0.991447,
            "p(90)": 0.1454516,
            "p(95)": 0.15577560000000001
        },
        "http_req_blocked": {
            "avg": 0.014428063310961982,
            "min": 0.002171,
            "med": 0.012868,
            "max": 0.617347,
            "p(90)": 0.0151367,
            "p(95)": 0.0169123
        },
        "data_sent": {
            "count": 388890,
            "rate": 924.5007984267822
        },
        "http_req_tls_handshaking": {
            "p(90)": 0,
            "p(95)": 0,
            "avg": 0,
            "min": 0,
            "med": 0,
            "max": 0
        },
        "http_req_waiting": {
            "max": 2.147809,
            "p(90)": 0.5497831,
            "p(95)": 0.559887,
            "avg": 0.4731744078299761,
            "min": 0.071437,
            "med": 0.5127275
        },
        "http_req_sending": {
            "avg": 0.03571062706935123,
            "min": 0.005009,
            "med": 0.035424,
            "max": 0.452816,
            "p(90)": 0.0439981,
            "p(95)": 0.048697850000000015
        },
        "vus_max": {
            "max": 20,
            "value": 20,
            "min": 20
        },
        "iterations": {
            "count": 4470,
            "rate": 10.626445958928532
        },
        "vus": {
            "min": 1,
            "max": 20,
            "value": 1
        },
        "data_received": {
            "count": 3812910,
            "rate": 9064.358402966036
        },
        "http_req_failed": {
            "passes": 0,
            "fails": 4470,
            "thresholds": {
                "rate<0.01": false
            },
            "value": 0
        },
        "http_req_duration": {
            "max": 2.480098,
            "p(90)": 0.7139065,
            "p(95)": 0.7296980000000001,
            "avg": 0.6199885791946315,
            "min": 0.096479,
            "med": 0.6685885,
            "thresholds": {
                "p(95)<500": false
            }
        },
        "http_reqs": {
            "count": 4470,
            "rate": 10.626445958928532
        },
        "iteration_duration": {
            "p(95)": 1002.0386166,
            "avg": 1001.4845593353467,
            "min": 1000.228838,
            "med": 1001.511445,
            "max": 1003.312899,
            "p(90)": 1001.971464
        },
        "http_req_duration{expected_response:true}": {
            "max": 2.480098,
            "p(90)": 0.7139065,
            "p(95)": 0.7296980000000001,
            "avg": 0.6199885791946315,
            "min": 0.096479,
            "med": 0.6685885
        },
        "http_req_connecting": {
            "min": 0,
            "med": 0,
            "max": 0.453595,
            "p(90)": 0,
            "p(95)": 0,
            "avg": 0.0014997203579418346
        }
    }
}