{
    "root_group": {
        "checks": {},
        "name": "",
        "path": "",
        "id": "d41d8cd98f00b204e9800998ecf8427e",
        "groups": {}
    },
    "metrics": {
        "iterations": {
            "count": 45120,
            "rate": 214.19572412200156
        },
        "http_req_tls_handshaking": {
            "p(90)": 0,
            "p(95)": 0,
            "avg": 0,
            "min": 0,
            "med": 0,
            "max": 0
        },
        "http_req_receiving": {
            "avg": 0.09247520217198557,
            "min": 0.006966,
            "med": 0.0991655,
            "max": 2.424656,
            "p(90)": 0.1312631,
            "p(95)": 0.14267314999999997
        },
        "data_sent": {
            "count": 3925440,
            "rate": 18635.027998614136
        },
        "http_req_duration{expected_response:true}": {
            "med": 0.5723065,
            "max": 5.8835,
            "p(90)": 0.7631233,
            "p(95)": 0.8439348499999999,
            "avg": 0.5406100532801433,
            "min": 0.055426
        },
        "http_req_sending": {
            "p(95)": 0.04283334999999997,
            "avg": 0.029027602770390088,
            "min": 0.003207,
            "med": 0.029179,
            "max": 1.498232,
            "p(90)": 0.038352
        },
        "vus_max": {
            "value": 300,
            "min": 300,
            "max": 300
        },
        "http_reqs": {
            "count": 45120,
            "rate": 214.19572412200156
        },
        "iteration_duration": {
            "p(90)": 1002.0118494,
            "p(95)": 1002.1771691499999,
            "avg": 1001.3999387648249,
            "min": 1000.127478,
            "med": 1001.386548,
            "max": 1037.646518
        },
        "http_req_failed": {
            "passes": 0,
            "fails": 45120,
            "thresholds": {
                "rate<0.01": false
            },
            "value": 0
        },
        "vus": {
            "value": 6,
            "min": 1,
            "max": 300
        },
        "http_req_connecting": {
            "p(95)": 0,
            "avg": 0.003223230319148936,
            "min": 0,
            "med": 0,
            "max": 35.768311,
            "p(90)": 0
        },
        "http_req_duration": {
            "p(90)": 0.7631233,
            "p(95)": 0.8439348499999999,
            "avg": 0.5406100532801433,
            "min": 0.055426,
            "med": 0.5723065,
            "max": 5.8835,
            "thresholds": {
                "p(95)<500": false
            }
        },
        "http_req_blocked": {
            "avg": 0.014366695944149136,
            "min": 0.001083,
            "med": 0.011211,
            "max": 35.902981,
            "p(90)": 0.014876099999999998,
            "p(95)": 0.016122
        },
        "data_received": {
            "count": 38487360,
            "rate": 182708.95267606733
        },
        "http_req_waiting": {
            "max": 5.800596,
            "p(90)": 0.6221538999999999,
            "p(95)": 0.6990786499999992,
            "avg": 0.4191072483377667,
            "min": 0.039434,
            "med": 0.4302165
        }
    }
}