{
    "root_group": {
        "id": "d41d8cd98f00b204e9800998ecf8427e",
        "groups": {},
        "checks": {},
        "name": "",
        "path": ""
    },
    "metrics": {
        "data_sent": {
            "count": 3925440,
            "rate": 18634.225412643416
        },
        "http_req_tls_handshaking": {
            "p(90)": 0,
            "p(95)": 0,
            "avg": 0,
            "min": 0,
            "med": 0,
            "max": 0
        },
        "iterations": {
            "count": 45120,
            "rate": 214.18649899590133
        },
        "http_req_connecting": {
            "max": 29.423741,
            "p(90)": 0,
            "p(95)": 0,
            "avg": 0.0031026898271276603,
            "min": 0,
            "med": 0
        },
        "http_req_receiving": {
            "avg": 0.09219045359042509,
            "min": 0.006904,
            "med": 0.098739,
            "max": 2.066926,
            "p(90)": 0.13157039999999998,
            "p(95)": 0.1429781
        },
        "vus_max": {
            "value": 300,
            "min": 300,
            "max": 300
        },
        "http_req_failed": {
            "passes": 0,
            "fails": 45120,
            "thresholds": {
                "rate<0.01": false
            },
            "value": 0
        },
        "http_reqs": {
            "count": 45120,
            "rate": 214.18649899590133
        },
        "iteration_duration": {
            "p(90)": 1001.9937047,
            "p(95)": 1002.16756435,
            "avg": 1001.3778161173963,
            "min": 1000.129959,
            "med": 1001.3573260000001,
            "max": 1030.474725
        },
        "http_req_duration{expected_response:true}": {
            "p(90)": 0.7692606999999999,
            "p(95)": 0.8540525999999992,
            "avg": 0.5383504739804996,
            "min": 0.055846,
            "med": 0.569314,
            "max": 4.977017
        },
        "http_req_duration": {
            "p(90)": 0.7692606999999999,
            "p(95)": 0.8540525999999992,
            "avg": 0.5383504739804996,
            "min": 0.055846,
            "med": 0.569314,
            "max": 4.977017,
            "thresholds": {
                "p(95)<500": false
            }
        },
        "http_req_blocked": {
            "avg": 0.014129342774822763,
            "min": 0.001053,
            "med": 0.011117,
            "max": 29.545972,
            "p(90)": 0.014792199999999997,
            "p(95)": 0.016068049999999993
        },
        "http_req_sending": {
            "avg": 0.028533658643616976,
            "min": 0.003105,
            "med": 0.02876,
            "max": 0.839551,
            "p(90)": 0.038127299999999996,
            "p(95)": 0.043034
        },
        "http_req_waiting": {
            "p(90)": 0.6249425,
            "p(95)": 0.7082983999999996,
            "avg": 0.41762636174645323,
            "min": 0.039464,
            "med": 0.427659,
            "max": 4.903336
        },
        "vus": {
            "value": 6,
            "min": 1,
            "max": 300
        },
        "data_received": {
            "count": 38487360,
            "rate": 182701.08364350384
        }
    }
}