{
    "root_group": {
        "name": "",
        "path": "",
        "id": "d41d8cd98f00b204e9800998ecf8427e",
        "groups": {},
        "checks": {}
    },
    "metrics": {
        "http_reqs": {
            "count": 46479,
            "rate": 119.00933566078356
        },
        "vus_max": {
            "value": 300,
            "min": 300,
            "max": 300
        },
        "http_req_duration": {
            "med": 0.58762,
            "max": 5.412617,
            "p(90)": 0.7428646000000001,
            "p(95)": 0.8165891,
            "avg": 0.5183291051442573,
            "min": 0.05893,
            "thresholds": {
                "p(95)<500": false
            }
        },
        "http_req_blocked": {
            "med": 0.01157,
            "max": 33.352117,
            "p(90)": 0.014642200000000005,
            "p(95)": 0.016216,
            "avg": 0.013717433098818928,
            "min": 0.001047
        },
        "data_received": {
            "count": 39646587,
            "rate": 101514.96331864837
        },
        "http_req_tls_handshaking": {
            "med": 0,
            "max": 0,
            "p(90)": 0,
            "p(95)": 0,
            "avg": 0,
            "min": 0
        },
        "http_req_receiving": {
            "min": 0.007091,
            "med": 0.10144,
            "max": 3.002928,
            "p(90)": 0.1324544,
            "p(95)": 0.1444973,
            "avg": 0.08727021177305813
        },
        "http_req_duration{expected_response:true}": {
            "med": 0.58762,
            "max": 5.412617,
            "p(90)": 0.7428646000000001,
            "p(95)": 0.8165891,
            "avg": 0.5183291051442573,
            "min": 0.05893
        },
        "vus": {
            "min": 1,
            "max": 299,
            "value": 6
        },
        "data_sent": {
            "count": 4043673,
            "rate": 10353.81220248817
        },
        "http_req_failed": {
            "passes": 0,
            "fails": 46479,
            "thresholds": {
                "rate<0.01": false
            },
            "value": 0
        },
        "http_req_sending": {
            "p(95)": 0.043904099999999995,
            "avg": 0.027432821532304745,
            "min": 0.003026,
            "med": 0.029743,
            "max": 0.895838,
            "p(90)": 0.04069340000000001
        },
        "http_req_waiting": {
            "avg": 0.40362607183889243,
            "min": 0.040478,
            "med": 0.442929,
            "max": 5.103946,
            "p(90)": 0.5973822000000001,
            "p(95)": 0.6798348
        },
        "iterations": {
            "count": 46479,
            "rate": 119.00933566078356
        },
        "iteration_duration": {
            "p(90)": 1001.9474819999999,
            "p(95)": 1002.0590186000001,
            "avg": 1001.346089625013,
            "min": 1000.112012,
            "med": 1001.347569,
            "max": 1033.798577
        },
        "http_req_connecting": {
            "p(95)": 0,
            "avg": 0.0029001076830396503,
            "min": 0,
            "med": 0,
            "max": 33.295413,
            "p(90)": 0
        }
    }
}