{
    "root_group": {
        "name": "",
        "path": "",
        "id": "d41d8cd98f00b204e9800998ecf8427e",
        "groups": {},
        "checks": {}
    },
    "metrics": {
        "http_req_failed": {
            "passes": 0,
            "fails": 46477,
            "thresholds": {
                "rate<0.01": false
            },
            "value": 0
        },
        "http_req_connecting": {
            "avg": 0.0030096605417733522,
            "min": 0,
            "med": 0,
            "max": 36.088725,
            "p(90)": 0,
            "p(95)": 0
        },
        "http_req_sending": {
            "p(90)": 0.040685400000000004,
            "p(95)": 0.044154,
            "avg": 0.02843228323686966,
            "min": 0.003195,
            "med": 0.030321,
            "max": 1.130512
        },
        "data_sent": {
            "count": 4043499,
            "rate": 10352.546667281671
        },
        "vus": {
            "value": 6,
            "min": 1,
            "max": 299
        },
        "http_req_duration": {
            "p(95)": 0.8193231999999999,
            "avg": 0.5285608716569478,
            "min": 0.051334,
            "med": 0.592334,
            "max": 3.778085,
            "p(90)": 0.7463374,
            "thresholds": {
                "p(95)<500": false
            }
        },
        "http_req_waiting": {
            "avg": 0.41062610465391997,
            "min": 0.037818,
            "med": 0.4473,
            "max": 2.920903,
            "p(90)": 0.6005084,
            "p(95)": 0.6777119999999998
        },
        "iteration_duration": {
            "avg": 1001.3729388278139,
            "min": 1000.135511,
            "med": 1001.369851,
            "max": 1038.406944,
            "p(90)": 1001.947015,
            "p(95)": 1002.0592096
        },
        "iterations": {
            "count": 46477,
            "rate": 118.99478927909968
        },
        "http_reqs": {
            "count": 46477,
            "rate": 118.99478927909968
        },
        "data_received": {
            "count": 39644881,
            "rate": 101502.55525507202
        },
        "http_req_tls_handshaking": {
            "p(95)": 0,
            "avg": 0,
            "min": 0,
            "med": 0,
            "max": 0,
            "p(90)": 0
        },
        "http_req_duration{expected_response:true}": {
            "p(90)": 0.7463374,
            "p(95)": 0.8193231999999999,
            "avg": 0.5285608716569478,
            "min": 0.051334,
            "med": 0.592334,
            "max": 3.778085
        },
        "http_req_blocked": {
            "p(90)": 0.014713,
            "p(95)": 0.016263,
            "avg": 0.014139747832261062,
            "min": 0.001174,
            "med": 0.011742,
            "max": 36.208785
        },
        "http_req_receiving": {
            "med": 0.101943,
            "max": 2.818345,
            "p(90)": 0.1320164,
            "p(95)": 0.14377979999999999,
            "avg": 0.08950248376616365,
            "min": 0.006969
        },
        "vus_max": {
            "value": 300,
            "min": 300,
            "max": 300
        }
    }
}