{
    "root_group": {
        "path": "",
        "id": "d41d8cd98f00b204e9800998ecf8427e",
        "groups": {},
        "checks": {},
        "name": ""
    },
    "metrics": {
        "http_req_tls_handshaking": {
            "avg": 0,
            "min": 0,
            "med": 0,
            "max": 0,
            "p(90)": 0,
            "p(95)": 0
        },
        "http_req_receiving": {
            "avg": 0.08331331812763344,
            "min": 0.007235,
            "med": 0.099159,
            "max": 1.414288,
            "p(90)": 0.1300436,
            "p(95)": 0.1418892
        },
        "http_req_sending": {
            "max": 0.402043,
            "p(90)": 0.040507,
            "p(95)": 0.0434772,
            "avg": 0.026274074809928664,
            "min": 0.003302,
            "med": 0.029674
        },
        "vus": {
            "min": 1,
            "max": 299,
            "value": 1
        },
        "data_received": {
            "count": 32199897,
            "rate": 133967.77768158942
        },
        "iteration_duration": {
            "avg": 1001.2893132587966,
            "min": 1000.134008,
            "med": 1001.291456,
            "max": 1021.617328,
            "p(90)": 1001.8975258,
            "p(95)": 1002.0116242
        },
        "http_req_connecting": {
            "med": 0,
            "max": 19.80932,
            "p(90)": 0,
            "p(95)": 0,
            "avg": 0.0029527879943839564,
            "min": 0
        },
        "iterations": {
            "count": 37749,
            "rate": 157.05483901710366
        },
        "http_req_failed": {
            "passes": 0,
            "fails": 37749,
            "thresholds": {
                "rate<0.01": false
            },
            "value": 0
        },
        "http_req_blocked": {
            "max": 19.945746,
            "p(90)": 0.014589200000000004,
            "p(95)": 0.0161906,
            "avg": 0.013600387718879961,
            "min": 0.001195,
            "med": 0.011657
        },
        "http_req_waiting": {
            "min": 0.044104,
            "med": 0.420257,
            "max": 4.850482,
            "p(90)": 0.5339584,
            "p(95)": 0.5641788,
            "avg": 0.3619293256774995
        },
        "http_reqs": {
            "count": 37749,
            "rate": 157.05483901710366
        },
        "http_req_duration{expected_response:true}": {
            "p(95)": 0.7154148,
            "avg": 0.47151671861505995,
            "min": 0.063133,
            "med": 0.559727,
            "max": 4.928593,
            "p(90)": 0.6882686
        },
        "vus_max": {
            "value": 300,
            "min": 300,
            "max": 300
        },
        "data_sent": {
            "rate": 13663.770994488019,
            "count": 3284163
        },
        "http_req_duration": {
            "max": 4.928593,
            "p(90)": 0.6882686,
            "p(95)": 0.7154148,
            "avg": 0.47151671861505995,
            "min": 0.063133,
            "med": 0.559727,
            "thresholds": {
                "p(95)<500": false
            }
        }
    }
}