{
    "root_group": {
        "id": "d41d8cd98f00b204e9800998ecf8427e",
        "groups": {},
        "checks": {},
        "name": "",
        "path": ""
    },
    "metrics": {
        "http_req_duration": {
            "p(95)": 0.72078905,
            "avg": 0.46644483499364414,
            "min": 0.064259,
            "med": 0.558222,
            "max": 6.528641,
            "p(90)": 0.6946606000000001,
            "thresholds": {
                "p(95)<500": false
            }
        },
        "iteration_duration": {
            "min": 1000.135519,
            "med": 1001.2831435,
            "max": 1042.544072,
            "p(90)": 1001.8970988,
            "p(95)": 1002.00890955,
            "avg": 1001.2817554822067
        },
        "vus": {
            "min": 1,
            "max": 299,
            "value": 1
        },
        "http_req_sending": {
            "p(95)": 0.043475849999999996,
            "avg": 0.025855354201992496,
            "min": 0.003359,
            "med": 0.0293805,
            "max": 0.318932,
            "p(90)": 0.040484
        },
        "http_req_duration{expected_response:true}": {
            "min": 0.064259,
            "med": 0.558222,
            "max": 6.528641,
            "p(90)": 0.6946606000000001,
            "p(95)": 0.72078905,
            "avg": 0.46644483499364414
        },
        "http_req_receiving": {
            "min": 0.007033,
            "med": 0.09903200000000001,
            "max": 5.721625,
            "p(90)": 0.1310537,
            "p(95)": 0.14339939999999998,
            "avg": 0.08239382638300101
        },
        "iterations": {
            "count": 37744,
            "rate": 157.03991614154154
        },
        "http_req_connecting": {
            "med": 0,
            "max": 40.37925,
            "p(90)": 0,
            "p(95)": 0,
            "avg": 0.0035553583350996154,
            "min": 0
        },
        "http_req_tls_handshaking": {
            "med": 0,
            "max": 0,
            "p(90)": 0,
            "p(95)": 0,
            "avg": 0,
            "min": 0
        },
        "data_received": {
            "count": 32195632,
            "rate": 133955.04846873495
        },
        "http_reqs": {
            "count": 37744,
            "rate": 157.03991614154154
        },
        "http_req_failed": {
            "passes": 0,
            "fails": 37744,
            "thresholds": {
                "rate<0.01": false
            },
            "value": 0
        },
        "http_req_blocked": {
            "min": 0.001141,
            "med": 0.011432,
            "max": 40.505894,
            "p(90)": 0.014487,
            "p(95)": 0.016132,
            "avg": 0.013988252278507841
        },
        "http_req_waiting": {
            "med": 0.4188455,
            "max": 1.658833,
            "p(90)": 0.5383045000000001,
            "p(95)": 0.5673689,
            "avg": 0.35819565440864615,
            "min": 0.044059
        },
        "vus_max": {
            "value": 300,
            "min": 300,
            "max": 300
        },
        "data_sent": {
            "count": 3283728,
            "rate": 13662.472704314114
        }
    }
}