{
    "metrics": {
        "http_reqs": {
            "count": 4470,
            "rate": 10.626511266624325
        },
        "http_req_blocked": {
            "avg": 0.01410990917225948,
            "min": 0.001725,
            "med": 0.012689,
            "max": 0.794866,
            "p(90)": 0.0147687,
            "p(95)": 0.0166881
        },
        "http_req_receiving": {
            "p(90)": 0.14503239999999998,
            "p(95)": 0.15410815000000003,
            "avg": 0.10625690738255032,
            "min": 0.015854,
            "med": 0.111543,
            "max": 0.816366
        },
        "vus_max": {
            "min": 20,
            "max": 20,
            "value": 20
        },
        "http_req_sending": {
            "min": 0.004445,
            "med": 0.0348995,
            "max": 0.350857,
            "p(90)": 0.0432812,
            "p(95)": 0.04780605,
            "avg": 0.03393901006711416
        },
        "vus": {
            "value": 1,
            "min": 1,
            "max": 20
        },
        "http_req_waiting": {
            "avg": 0.45391717516778407,
            "min": 0.06552,
            "med": 0.506562,
            "max": 2.536336,
            "p(90)": 0.5512432,
            "p(95)": 0.5589452500000001
        },
        "data_received": {
            "count": 3812910,
            "rate": 9064.414110430549
        },
        "http_req_duration": {
            "min": 0.088209,
            "med": 0.665638,
            "max": 2.711683,
            "p(90)": 0.7127284,
            "p(95)": 0.7278087,
            "avg": 0.5941130926174496,
            "thresholds": {
                "p(95)<500": false
            }
        },
        "http_req_failed": {
            "passes": 0,
            "fails": 4470,
            "thresholds": {
                "rate<0.01": false
            },
            "value": 0
        },
        "iterations": {
            "count": 4470,
            "rate": 10.626511266624325
        },
        "http_req_duration{expected_response:true}": {
            "avg": 0.5941130926174496,
            "min": 0.088209,
            "med": 0.665638,
            "max": 2.711683,
            "p(90)": 0.7127284,
            "p(95)": 0.7278087
        },
        "http_req_tls_handshaking": {
            "avg": 0,
            "min": 0,
            "med": 0,
            "max": 0,
            "p(90)": 0,
            "p(95)": 0
        },
        "iteration_duration": {
            "med": 1001.4858320000001,
            "max": 1003.902896,
            "p(90)": 1001.9738837,
            "p(95)": 1002.0388103,
            "avg": 1001.4576786015629,
            "min": 1000.235716
        },
        "data_sent": {
            "count": 388890,
            "rate": 924.5064801963163
        },
        "http_req_connecting": {
            "max": 0.471537,
            "p(90)": 0,
            "p(95)": 0,
            "avg": 0.001652350782997763,
            "min": 0,
            "med": 0
        }
    },
    "root_group": {
        "path": "",
        "id": "d41d8cd98f00b204e9800998ecf8427e",
        "groups": {},
        "checks": {},
        "name": ""
    }
}