{
    "root_group": {
        "name": "",
        "path": "",
        "id": "d41d8cd98f00b204e9800998ecf8427e",
        "groups": {},
        "checks": {}
    },
    "metrics": {
        "http_reqs": {
            "count": 4470,
            "rate": 10.626095739385537
        },
        "data_received": {
            "count": 3812910,
            "rate": 9064.059665695862
        },
        "iterations": {
            "count": 4470,
            "rate": 10.626095739385537
        },
        "data_sent": {
            "count": 388890,
            "rate": 924.4703293265417
        },
        "http_req_failed": {
            "fails": 4470,
            "passes": 0,
            "thresholds": {
                "rate<0.01": false
            },
            "value": 0
        },
        "http_req_sending": {
            "avg": 0.03567496398210293,
            "min": 0.004995,
            "med": 0.0349625,
            "max": 0.412723,
            "p(90)": 0.044197099999999996,
            "p(95)": 0.0493507
        },
        "http_req_waiting": {
            "min": 0.072024,
            "med": 0.5198445,
            "max": 2.766154,
            "p(90)": 0.5593969999999999,
            "p(95)": 0.56754205,
            "avg": 0.4811595941834465
        },
        "vus": {
            "value": 1,
            "min": 1,
            "max": 20
        },
        "http_req_duration": {
            "p(95)": 0.74116855,
            "avg": 0.6286455789709186,
            "min": 0.102866,
            "med": 0.678647,
            "max": 2.965962,
            "p(90)": 0.7235181,
            "thresholds": {
                "p(95)<500": false
            }
        },
        "http_req_blocked": {
            "avg": 0.0150697020134228,
            "min": 0.002144,
            "med": 0.012998,
            "max": 0.616696,
            "p(90)": 0.0154025,
            "p(95)": 0.017081
        },
        "http_req_tls_handshaking": {
            "min": 0,
            "med": 0,
            "max": 0,
            "p(90)": 0,
            "p(95)": 0,
            "avg": 0
        },
        "http_req_receiving": {
            "max": 1.030292,
            "p(90)": 0.1462406,
            "p(95)": 0.15544595,
            "avg": 0.1118110208053687,
            "min": 0.015194,
            "med": 0.11360100000000001
        },
        "http_req_connecting": {
            "med": 0,
            "max": 0.475751,
            "p(90)": 0,
            "p(95)": 0,
            "avg": 0.0017696384787472036,
            "min": 0
        },
        "vus_max": {
            "value": 20,
            "min": 20,
            "max": 20
        },
        "iteration_duration": {
            "avg": 1001.5118168382565,
            "min": 1000.246105,
            "med": 1001.5477065,
            "max": 1003.982093,
            "p(90)": 1002.0000978999999,
            "p(95)": 1002.0640361999999
        },
        "http_req_duration{expected_response:true}": {
            "avg": 0.6286455789709186,
            "min": 0.102866,
            "med": 0.678647,
            "max": 2.965962,
            "p(90)": 0.7235181,
            "p(95)": 0.74116855
        }
    }
}