{
    "metrics": {
        "http_req_sending": {
            "med": 0.0344975,
            "max": 0.725495,
            "p(90)": 0.043551599999999996,
            "p(95)": 0.04825385,
            "avg": 0.03412623064876946,
            "min": 0.004625
        },
        "http_req_duration": {
            "p(90)": 0.7138498999999999,
            "p(95)": 0.7269345500000001,
            "avg": 0.5993939201342303,
            "min": 0.085165,
            "med": 0.66829,
            "max": 1.997155,
            "thresholds": {
                "p(95)<500": false
            }
        },
        "http_req_blocked": {
            "min": 0.001811,
            "med": 0.0127635,
            "max": 0.605305,
            "p(90)": 0.015339399999999998,
            "p(95)": 0.0170204,
            "avg": 0.01427605503355704
        },
        "http_req_connecting": {
            "med": 0,
            "max": 0.454313,
            "p(90)": 0,
            "p(95)": 0,
            "avg": 0.001581231543624161,
            "min": 0
        },
        "http_req_tls_handshaking": {
            "avg": 0,
            "min": 0,
            "med": 0,
            "max": 0,
            "p(90)": 0,
            "p(95)": 0
        },
        "vus_max": {
            "value": 20,
            "min": 20,
            "max": 20
        },
        "http_req_duration{expected_response:true}": {
            "med": 0.66829,
            "max": 1.997155,
            "p(90)": 0.7138498999999999,
            "p(95)": 0.7269345500000001,
            "avg": 0.5993939201342303,
            "min": 0.085165
        },
        "http_req_waiting": {
            "min": 0.061729,
            "med": 0.5110175,
            "max": 1.048126,
            "p(90)": 0.5516622,
            "p(95)": 0.5590495,
            "avg": 0.4583589203579414
        },
        "http_reqs": {
            "count": 4470,
            "rate": 10.626670585924087
        },
        "data_sent": {
            "count": 388890,
            "rate": 924.5203409753956
        },
        "iterations": {
            "count": 4470,
            "rate": 10.626670585924087
        },
        "iteration_duration": {
            "max": 1004.159227,
            "p(90)": 1001.9841205,
            "p(95)": 1002.05153275,
            "avg": 1001.4774102214766,
            "min": 1000.240272,
            "med": 1001.5170985
        },
        "http_req_receiving": {
            "max": 1.028329,
            "p(90)": 0.1439912,
            "p(95)": 0.1517752,
            "avg": 0.10690876912751672,
            "min": 0.014408,
            "med": 0.111341
        },
        "vus": {
            "value": 1,
            "min": 1,
            "max": 20
        },
        "data_received": {
            "count": 3812910,
            "rate": 9064.550009793247
        },
        "http_req_failed": {
            "passes": 0,
            "fails": 4470,
            "thresholds": {
                "rate<0.01": false
            },
            "value": 0
        }
    },
    "root_group": {
        "name": "",
        "path": "",
        "id": "d41d8cd98f00b204e9800998ecf8427e",
        "groups": {},
        "checks": {}
    }
}