{
    "root_group": {
        "checks": {},
        "name": "",
        "path": "",
        "id": "d41d8cd98f00b204e9800998ecf8427e",
        "groups": {}
    },
    "metrics": {
        "iteration_duration": {
            "p(95)": 1002.0540676,
            "avg": 1001.3303134240491,
            "min": 1000.121994,
            "med": 1001.321674,
            "max": 1019.794272,
            "p(90)": 1001.9302456
        },
        "http_req_connecting": {
            "avg": 0.003218563501597443,
            "min": 0,
            "med": 0,
            "max": 18.810555,
            "p(90)": 0,
            "p(95)": 0
        },
        "http_req_failed": {
            "passes": 0,
            "fails": 39125,
            "thresholds": {
                "rate<0.01": false
            },
            "value": 0
        },
        "vus_max": {
            "value": 300,
            "min": 300,
            "max": 300
        },
        "http_req_waiting": {
            "p(95)": 0.7131401999999996,
            "avg": 0.40891307067092214,
            "min": 0.037714,
            "med": 0.441771,
            "max": 4.258143,
            "p(90)": 0.639705
        },
        "vus": {
            "value": 1,
            "min": 1,
            "max": 300
        },
        "http_req_duration{expected_response:true}": {
            "med": 0.586297,
            "max": 4.38096,
            "p(90)": 0.7764141999999999,
            "p(95)": 0.8526775999999996,
            "avg": 0.5213963538402583,
            "min": 0.052736
        },
        "http_req_blocked": {
            "med": 0.011536,
            "max": 18.879248,
            "p(90)": 0.014652,
            "p(95)": 0.016101599999999994,
            "avg": 0.014111459961661332,
            "min": 0.001173
        },
        "http_req_sending": {
            "p(90)": 0.0389946,
            "p(95)": 0.043482,
            "avg": 0.027096459322683772,
            "min": 0.003297,
            "med": 0.029581,
            "max": 0.852704
        },
        "http_reqs": {
            "count": 39125,
            "rate": 130.22339468261487
        },
        "data_sent": {
            "count": 3403875,
            "rate": 11329.435337387495
        },
        "iterations": {
            "count": 39125,
            "rate": 130.22339468261487
        },
        "http_req_duration": {
            "avg": 0.5213963538402583,
            "min": 0.052736,
            "med": 0.586297,
            "max": 4.38096,
            "p(90)": 0.7764141999999999,
            "p(95)": 0.8526775999999996,
            "thresholds": {
                "p(95)<500": false
            }
        },
        "http_req_receiving": {
            "avg": 0.08538682384664556,
            "min": 0.007063,
            "med": 0.09863,
            "max": 1.284965,
            "p(90)": 0.130335,
            "p(95)": 0.14162479999999994
        },
        "data_received": {
            "count": 33373625,
            "rate": 111080.55566427049
        },
        "http_req_tls_handshaking": {
            "p(95)": 0,
            "avg": 0,
            "min": 0,
            "med": 0,
            "max": 0,
            "p(90)": 0
        }
    }
}