{
    "metrics": {
        "vus": {
            "min": 1,
            "max": 300,
            "value": 1
        },
        "http_req_sending": {
            "p(95)": 0.043625,
            "avg": 0.027856569544548574,
            "min": 0.003103,
            "med": 0.029603,
            "max": 0.906208,
            "p(90)": 0.039150000000000004
        },
        "http_req_waiting": {
            "avg": 0.42507497150233076,
            "min": 0.035462,
            "med": 0.4517085,
            "max": 6.188354,
            "p(90)": 0.6656685,
            "p(95)": 0.7410382499999999
        },
        "http_reqs": {
            "count": 39126,
            "rate": 130.22586603589977
        },
        "data_received": {
            "count": 33374478,
            "rate": 111082.6637286225
        },
        "http_req_failed": {
            "passes": 0,
            "fails": 39126,
            "thresholds": {
                "rate<0.01": false
            },
            "value": 0
        },
        "iterations": {
            "rate": 130.22586603589977,
            "count": 39126
        },
        "http_req_blocked": {
            "p(95)": 0.016263,
            "avg": 0.014310453483617043,
            "min": 0.001125,
            "med": 0.011562,
            "max": 14.931864,
            "p(90)": 0.014725
        },
        "http_req_connecting": {
            "max": 14.80771,
            "p(90)": 0,
            "p(95)": 0,
            "avg": 0.0032062683126309875,
            "min": 0,
            "med": 0
        },
        "http_req_tls_handshaking": {
            "avg": 0,
            "min": 0,
            "med": 0,
            "max": 0,
            "p(90)": 0,
            "p(95)": 0
        },
        "data_sent": {
            "count": 3403962,
            "rate": 11329.65034512328
        },
        "http_req_duration": {
            "max": 6.733405,
            "p(90)": 0.8036255,
            "p(95)": 0.8830775,
            "avg": 0.5412599433113541,
            "min": 0.052534,
            "med": 0.597302,
            "thresholds": {
                "p(95)<500": false
            }
        },
        "http_req_duration{expected_response:true}": {
            "p(90)": 0.8036255,
            "p(95)": 0.8830775,
            "avg": 0.5412599433113541,
            "min": 0.052534,
            "med": 0.597302,
            "max": 6.733405
        },
        "vus_max": {
            "min": 300,
            "max": 300,
            "value": 300
        },
        "http_req_receiving": {
            "med": 0.1002445,
            "max": 3.255903,
            "p(90)": 0.13155050000000001,
            "p(95)": 0.14297875,
            "avg": 0.08832840226447909,
            "min": 0.00725
        },
        "iteration_duration": {
            "min": 1000.088409,
            "med": 1001.3488844999999,
            "max": 1016.888588,
            "p(90)": 1001.94173,
            "p(95)": 1002.0683397500001,
            "avg": 1001.3511913034321
        }
    },
    "root_group": {
        "name": "",
        "path": "",
        "id": "d41d8cd98f00b204e9800998ecf8427e",
        "groups": {},
        "checks": {}
    }
}