{
    "metrics": {
        "http_req_receiving": {
            "max": 6.110016,
            "p(90)": 0.134296,
            "p(95)": 0.14518039999999996,
            "avg": 0.09563617349174494,
            "min": 0.007026,
            "med": 0.104855
        },
        "http_req_tls_handshaking": {
            "p(90)": 0,
            "p(95)": 0,
            "avg": 0,
            "min": 0,
            "med": 0,
            "max": 0
        },
        "vus": {
            "max": 349,
            "value": 2,
            "min": 0
        },
        "http_req_blocked": {
            "avg": 0.013641930224962111,
            "min": 0.001215,
            "med": 0.011907,
            "max": 31.171612,
            "p(90)": 0.015006199999999997,
            "p(95)": 0.01627619999999998
        },
        "iterations": {
            "count": 73479,
            "rate": 152.86998256623173
        },
        "http_req_connecting": {
            "avg": 0.0021048588304141322,
            "min": 0,
            "med": 0,
            "max": 31.07131,
            "p(90)": 0,
            "p(95)": 0
        },
        "http_reqs": {
            "count": 73479,
            "rate": 152.86998256623173
        },
        "iteration_duration": {
            "p(90)": 1001.9907776,
            "p(95)": 1002.1094994,
            "avg": 1001.4273476443856,
            "min": 1000.139052,
            "med": 1001.441305,
            "max": 1032.318411
        },
        "http_req_duration": {
            "p(90)": 0.6978566,
            "p(95)": 0.7287817,
            "avg": 0.5268203210168878,
            "min": 0.060562,
            "med": 0.575761,
            "max": 6.840288,
            "thresholds": {
                "p(95)<500": false
            }
        },
        "vus_max": {
            "value": 350,
            "min": 350,
            "max": 350
        },
        "http_req_duration{expected_response:true}": {
            "avg": 0.5268203210168878,
            "min": 0.060562,
            "med": 0.575761,
            "max": 6.840288,
            "p(90)": 0.6978566,
            "p(95)": 0.7287817
        },
        "data_received": {
            "rate": 130398.09512899566,
            "count": 62677587
        },
        "http_req_failed": {
            "passes": 0,
            "fails": 73479,
            "thresholds": {
                "rate<0.01": false
            },
            "value": 0
        },
        "http_req_sending": {
            "avg": 0.02939202227847412,
            "min": 0.003233,
            "med": 0.030776,
            "max": 1.175595,
            "p(90)": 0.0397682,
            "p(95)": 0.04381
        },
        "data_sent": {
            "count": 6392673,
            "rate": 13299.68848326216
        },
        "http_req_waiting": {
            "avg": 0.40179212524666996,
            "min": 0.044502,
            "med": 0.432702,
            "max": 5.146826,
            "p(90)": 0.5430404,
            "p(95)": 0.5742874
        }
    },
    "root_group": {
        "groups": {},
        "checks": {},
        "name": "",
        "path": "",
        "id": "d41d8cd98f00b204e9800998ecf8427e"
    }
}