{
    "metrics": {
        "vus": {
            "value": 2,
            "min": 0,
            "max": 349
        },
        "http_req_sending": {
            "avg": 0.02935854518978234,
            "min": 0.003133,
            "med": 0.030461,
            "max": 0.808636,
            "p(90)": 0.039643,
            "p(95)": 0.043583099999999986
        },
        "http_reqs": {
            "count": 73479,
            "rate": 152.86245972059405
        },
        "http_req_receiving": {
            "avg": 0.09645385054233245,
            "min": 0.006947,
            "med": 0.105468,
            "max": 3.295637,
            "p(90)": 0.13514639999999997,
            "p(95)": 0.1452261
        },
        "data_sent": {
            "rate": 13299.033995691683,
            "count": 6392673
        },
        "http_req_duration{expected_response:true}": {
            "p(90)": 0.7076312,
            "p(95)": 0.7392860999999997,
            "avg": 0.53544199148055,
            "min": 0.049966,
            "med": 0.582411,
            "max": 5.720479
        },
        "http_req_connecting": {
            "med": 0,
            "max": 30.736748,
            "p(90)": 0,
            "p(95)": 0,
            "avg": 0.002116179670382016,
            "min": 0
        },
        "vus_max": {
            "max": 350,
            "value": 350,
            "min": 350
        },
        "data_received": {
            "rate": 130391.67814166674,
            "count": 62677587
        },
        "iteration_duration": {
            "avg": 1001.4390666966718,
            "min": 1000.112126,
            "med": 1001.455624,
            "max": 1033.085432,
            "p(90)": 1002.0072192,
            "p(95)": 1002.1240995
        },
        "http_req_failed": {
            "passes": 0,
            "fails": 73479,
            "thresholds": {
                "rate<0.01": false
            },
            "value": 0
        },
        "http_req_duration": {
            "max": 5.720479,
            "p(90)": 0.7076312,
            "p(95)": 0.7392860999999997,
            "avg": 0.53544199148055,
            "min": 0.049966,
            "med": 0.582411,
            "thresholds": {
                "p(95)<500": false
            }
        },
        "http_req_waiting": {
            "max": 5.605964,
            "p(90)": 0.5524226,
            "p(95)": 0.5853868999999999,
            "avg": 0.4096295957484446,
            "min": 0.037454,
            "med": 0.43877
        },
        "http_req_blocked": {
            "avg": 0.013620887314743008,
            "min": 0.00117,
            "med": 0.011765,
            "max": 30.863885,
            "p(90)": 0.014901,
            "p(95)": 0.016187
        },
        "http_req_tls_handshaking": {
            "max": 0,
            "p(90)": 0,
            "p(95)": 0,
            "avg": 0,
            "min": 0,
            "med": 0
        },
        "iterations": {
            "rate": 152.86245972059405,
            "count": 73479
        }
    },
    "root_group": {
        "name": "",
        "path": "",
        "id": "d41d8cd98f00b204e9800998ecf8427e",
        "groups": {},
        "checks": {}
    }
}