{
    "root_group": {
        "checks": {},
        "name": "",
        "path": "",
        "id": "d41d8cd98f00b204e9800998ecf8427e",
        "groups": {}
    },
    "metrics": {
        "vus": {
            "value": 1,
            "min": 1,
            "max": 20
        },
        "http_req_duration{expected_response:true}": {
            "avg": 0.6286233648769556,
            "min": 0.092643,
            "med": 0.6709255000000001,
            "max": 2.542958,
            "p(90)": 0.715848,
            "p(95)": 0.73188325
        },
        "http_req_receiving": {
            "p(95)": 0.1549812,
            "avg": 0.1119863782997765,
            "min": 0.015777,
            "med": 0.112086,
            "max": 0.945113,
            "p(90)": 0.1457474
        },
        "http_reqs": {
            "count": 4470,
            "rate": 10.62646019598094
        },
        "http_req_connecting": {
            "max": 0.457707,
            "p(90)": 0,
            "p(95)": 0,
            "avg": 0.0017765145413870247,
            "min": 0,
            "med": 0
        },
        "http_req_duration": {
            "min": 0.092643,
            "med": 0.6709255000000001,
            "max": 2.542958,
            "p(90)": 0.715848,
            "p(95)": 0.73188325,
            "avg": 0.6286233648769556,
            "thresholds": {
                "p(95)<500": false
            }
        },
        "iteration_duration": {
            "avg": 1001.5093119760631,
            "min": 1000.264829,
            "med": 1001.532098,
            "max": 1004.10217,
            "p(90)": 1001.9919036,
            "p(95)": 1002.05334185
        },
        "http_req_failed": {
            "fails": 4470,
            "passes": 0,
            "thresholds": {
                "rate<0.01": false
            },
            "value": 0
        },
        "vus_max": {
            "value": 20,
            "min": 20,
            "max": 20
        },
        "http_req_tls_handshaking": {
            "min": 0,
            "med": 0,
            "max": 0,
            "p(90)": 0,
            "p(95)": 0,
            "avg": 0
        },
        "data_sent": {
            "count": 388890,
            "rate": 924.5020370503416
        },
        "data_received": {
            "count": 3812910,
            "rate": 9064.37054717174
        },
        "http_req_waiting": {
            "med": 0.5155185,
            "max": 1.905637,
            "p(90)": 0.5509765,
            "p(95)": 0.5607548,
            "avg": 0.4796661715883678,
            "min": 0.069394
        },
        "http_req_sending": {
            "avg": 0.036970814988814237,
            "min": 0.005089,
            "med": 0.0350795,
            "max": 0.916699,
            "p(90)": 0.0439921,
            "p(95)": 0.04962755
        },
        "iterations": {
            "count": 4470,
            "rate": 10.62646019598094
        },
        "http_req_blocked": {
            "p(95)": 0.01675865,
            "avg": 0.015190596420581674,
            "min": 0.002072,
            "med": 0.012862499999999999,
            "max": 0.648937,
            "p(90)": 0.015104499999999998
        }
    }
}