{
    "metrics": {
        "http_req_duration": {
            "avg": 0.6146627648769567,
            "min": 0.099715,
            "med": 0.670227,
            "max": 1.563235,
            "p(90)": 0.7164151999999999,
            "p(95)": 0.7344415999999999,
            "thresholds": {
                "p(95)<500": false
            }
        },
        "data_sent": {
            "count": 388890,
            "rate": 924.4978318637301
        },
        "vus_max": {
            "value": 20,
            "min": 20,
            "max": 20
        },
        "http_req_duration{expected_response:true}": {
            "p(95)": 0.7344415999999999,
            "avg": 0.6146627648769567,
            "min": 0.099715,
            "med": 0.670227,
            "max": 1.563235,
            "p(90)": 0.7164151999999999
        },
        "http_req_tls_handshaking": {
            "p(95)": 0,
            "avg": 0,
            "min": 0,
            "med": 0,
            "max": 0,
            "p(90)": 0
        },
        "http_req_waiting": {
            "p(95)": 0.56371835,
            "avg": 0.46905255615212466,
            "min": 0.070325,
            "med": 0.5132735,
            "max": 1.084877,
            "p(90)": 0.5558251
        },
        "vus": {
            "value": 1,
            "min": 1,
            "max": 20
        },
        "data_received": {
            "count": 3812910,
            "rate": 9064.329317008756
        },
        "http_req_failed": {
            "passes": 0,
            "fails": 4470,
            "thresholds": {
                "rate<0.01": false
            },
            "value": 0
        },
        "http_reqs": {
            "count": 4470,
            "rate": 10.626411860502644
        },
        "http_req_receiving": {
            "avg": 0.1105641856823264,
            "min": 0.015768,
            "med": 0.1126945,
            "max": 0.902342,
            "p(90)": 0.147192,
            "p(95)": 0.15574515
        },
        "http_req_sending": {
            "min": 0.004762,
            "med": 0.034658,
            "max": 0.595218,
            "p(90)": 0.044002,
            "p(95)": 0.0496131,
            "avg": 0.03504602304250558
        },
        "iteration_duration": {
            "p(95)": 1002.05175115,
            "avg": 1001.4887897460817,
            "min": 1000.170775,
            "med": 1001.5154485,
            "max": 1003.030722,
            "p(90)": 1001.9878395
        },
        "http_req_connecting": {
            "min": 0,
            "med": 0,
            "max": 0.511107,
            "p(90)": 0,
            "p(95)": 0,
            "avg": 0.0016816317673378077
        },
        "http_req_blocked": {
            "p(90)": 0.0151696,
            "p(95)": 0.016776200000000005,
            "avg": 0.01460750178970915,
            "min": 0.00222,
            "med": 0.012744,
            "max": 0.665597
        },
        "iterations": {
            "rate": 10.626411860502644,
            "count": 4470
        }
    },
    "root_group": {
        "name": "",
        "path": "",
        "id": "d41d8cd98f00b204e9800998ecf8427e",
        "groups": {},
        "checks": {}
    }
}