{
    "metrics": {
        "iterations": {
            "count": 4470,
            "rate": 10.626588469583801
        },
        "http_req_duration": {
            "avg": 0.6015677633109608,
            "min": 0.083344,
            "med": 0.6648860000000001,
            "max": 2.241228,
            "p(90)": 0.7105076,
            "p(95)": 0.7260726000000001,
            "thresholds": {
                "p(95)<500": false
            }
        },
        "http_req_duration{expected_response:true}": {
            "p(95)": 0.7260726000000001,
            "avg": 0.6015677633109608,
            "min": 0.083344,
            "med": 0.6648860000000001,
            "max": 2.241228,
            "p(90)": 0.7105076
        },
        "http_req_waiting": {
            "p(90)": 0.5432599,
            "p(95)": 0.5541508,
            "avg": 0.45785377561521245,
            "min": 0.060295,
            "med": 0.5098085,
            "max": 2.025324
        },
        "data_received": {
            "count": 3812910,
            "rate": 9064.479964554983
        },
        "http_req_blocked": {
            "med": 0.0127645,
            "max": 0.636063,
            "p(90)": 0.0156874,
            "p(95)": 0.016948,
            "avg": 0.014679142058165534,
            "min": 0.001666
        },
        "data_sent": {
            "count": 388890,
            "rate": 924.5131968537906
        },
        "http_req_failed": {
            "passes": 0,
            "fails": 4470,
            "thresholds": {
                "rate<0.01": false
            },
            "value": 0
        },
        "http_req_sending": {
            "max": 0.187479,
            "p(90)": 0.044669,
            "p(95)": 0.049893650000000005,
            "avg": 0.034299577404921684,
            "min": 0.00489,
            "med": 0.034546
        },
        "vus_max": {
            "value": 20,
            "min": 20,
            "max": 20
        },
        "vus": {
            "value": 1,
            "min": 1,
            "max": 20
        },
        "http_req_connecting": {
            "max": 0.49912,
            "p(90)": 0,
            "p(95)": 0,
            "avg": 0.0017566413870246087,
            "min": 0,
            "med": 0
        },
        "iteration_duration": {
            "max": 1004.214047,
            "p(90)": 1001.9875222,
            "p(95)": 1002.0479447,
            "avg": 1001.476971625504,
            "min": 1000.21668,
            "med": 1001.51377
        },
        "http_req_tls_handshaking": {
            "avg": 0,
            "min": 0,
            "med": 0,
            "max": 0,
            "p(90)": 0,
            "p(95)": 0
        },
        "http_req_receiving": {
            "avg": 0.10941441029082774,
            "min": 0.008681,
            "med": 0.112429,
            "max": 1.058729,
            "p(90)": 0.1467633,
            "p(95)": 0.15673905
        },
        "http_reqs": {
            "count": 4470,
            "rate": 10.626588469583801
        }
    },
    "root_group": {
        "name": "",
        "path": "",
        "id": "d41d8cd98f00b204e9800998ecf8427e",
        "groups": {},
        "checks": {}
    }
}