{
    "metrics": {
        "http_req_receiving": {
            "avg": 0.11316670447427295,
            "min": 0.014497,
            "med": 0.1127965,
            "max": 1.319124,
            "p(90)": 0.1463779,
            "p(95)": 0.15773885000000004
        },
        "data_sent": {
            "count": 388890,
            "rate": 924.4814805604467
        },
        "vus_max": {
            "min": 20,
            "max": 20,
            "value": 20
        },
        "http_req_duration": {
            "p(90)": 0.7158548,
            "p(95)": 0.73171255,
            "avg": 0.6306062827740493,
            "min": 0.116637,
            "med": 0.6728879999999999,
            "max": 3.263608,
            "thresholds": {
                "p(95)<500": false
            }
        },
        "http_req_connecting": {
            "min": 0,
            "med": 0,
            "max": 0.454605,
            "p(90)": 0,
            "p(95)": 0,
            "avg": 0.001441400447427293
        },
        "http_req_waiting": {
            "avg": 0.481460936017898,
            "min": 0.08931,
            "med": 0.5173920000000001,
            "max": 3.07919,
            "p(90)": 0.5508564,
            "p(95)": 0.56095045
        },
        "iterations": {
            "rate": 10.626223914487893,
            "count": 4470
        },
        "data_received": {
            "count": 3812910,
            "rate": 9064.168999058173
        },
        "iteration_duration": {
            "p(95)": 1002.0492333999999,
            "avg": 1001.503492652798,
            "min": 1000.263041,
            "med": 1001.5295954999999,
            "max": 1004.530519,
            "p(90)": 1001.9861171
        },
        "vus": {
            "min": 1,
            "max": 20,
            "value": 1
        },
        "http_req_duration{expected_response:true}": {
            "p(90)": 0.7158548,
            "p(95)": 0.73171255,
            "avg": 0.6306062827740493,
            "min": 0.116637,
            "med": 0.6728879999999999,
            "max": 3.263608
        },
        "http_req_sending": {
            "avg": 0.03597864228187909,
            "min": 0.00472,
            "med": 0.035018,
            "max": 0.61071,
            "p(90)": 0.04434319999999999,
            "p(95)": 0.0494148
        },
        "http_req_failed": {
            "passes": 0,
            "fails": 4470,
            "thresholds": {
                "rate<0.01": false
            },
            "value": 0
        },
        "http_req_blocked": {
            "p(90)": 0.015158499999999998,
            "p(95)": 0.01696885000000001,
            "avg": 0.014399414765100673,
            "min": 0.001996,
            "med": 0.01286,
            "max": 0.615515
        },
        "http_reqs": {
            "count": 4470,
            "rate": 10.626223914487893
        },
        "http_req_tls_handshaking": {
            "max": 0,
            "p(90)": 0,
            "p(95)": 0,
            "avg": 0,
            "min": 0,
            "med": 0
        }
    },
    "root_group": {
        "path": "",
        "id": "d41d8cd98f00b204e9800998ecf8427e",
        "groups": {},
        "checks": {},
        "name": ""
    }
}