{
    "metrics": {
        "http_req_waiting": {
            "max": 3.718278,
            "p(90)": 0.620931,
            "p(95)": 0.7117268999999999,
            "avg": 0.3988557765957437,
            "min": 0.039556,
            "med": 0.4255355
        },
        "http_req_receiving": {
            "avg": 0.08725140835549705,
            "min": 0.007286,
            "med": 0.0972775,
            "max": 1.432371,
            "p(90)": 0.1320327,
            "p(95)": 0.1434683
        },
        "vus": {
            "value": 6,
            "min": 1,
            "max": 300
        },
        "iterations": {
            "count": 45120,
            "rate": 214.17686231417616
        },
        "vus_max": {
            "value": 300,
            "min": 300,
            "max": 300
        },
        "http_req_tls_handshaking": {
            "p(95)": 0,
            "avg": 0,
            "min": 0,
            "med": 0,
            "max": 0,
            "p(90)": 0
        },
        "data_sent": {
            "rate": 18633.387021333325,
            "count": 3925440
        },
        "http_req_duration{expected_response:true}": {
            "p(95)": 0.8581392499999996,
            "avg": 0.5130111531471648,
            "min": 0.058004,
            "med": 0.5676875,
            "max": 4.048285,
            "p(90)": 0.7667052
        },
        "http_req_connecting": {
            "p(95)": 0,
            "avg": 0.0029480856382978725,
            "min": 0,
            "med": 0,
            "max": 21.118098,
            "p(90)": 0
        },
        "http_reqs": {
            "rate": 214.17686231417616,
            "count": 45120
        },
        "iteration_duration": {
            "med": 1001.3034035000001,
            "max": 1021.580555,
            "p(90)": 1001.9669130999999,
            "p(95)": 1002.1371993,
            "avg": 1001.330647406361,
            "min": 1000.104429
        },
        "http_req_blocked": {
            "avg": 0.013405817242907712,
            "min": 0.001135,
            "med": 0.010971,
            "max": 21.189806,
            "p(90)": 0.014748,
            "p(95)": 0.015980049999999996
        },
        "data_received": {
            "count": 38487360,
            "rate": 182692.86355399227
        },
        "http_req_failed": {
            "passes": 0,
            "fails": 45120,
            "thresholds": {
                "rate<0.01": false
            },
            "value": 0
        },
        "http_req_duration": {
            "min": 0.058004,
            "med": 0.5676875,
            "max": 4.048285,
            "p(90)": 0.7667052,
            "p(95)": 0.8581392499999996,
            "avg": 0.5130111531471648,
            "thresholds": {
                "p(95)<500": false
            }
        },
        "http_req_sending": {
            "min": 0.003141,
            "med": 0.028424,
            "max": 1.205311,
            "p(90)": 0.0381821,
            "p(95)": 0.042826149999999986,
            "avg": 0.02690396819592204
        }
    },
    "root_group": {
        "name": "",
        "path": "",
        "id": "d41d8cd98f00b204e9800998ecf8427e",
        "groups": {},
        "checks": {}
    }
}