{
    "root_group": {
        "name": "",
        "path": "",
        "id": "d41d8cd98f00b204e9800998ecf8427e",
        "groups": {},
        "checks": {}
    },
    "metrics": {
        "vus_max": {
            "value": 300,
            "min": 300,
            "max": 300
        },
        "data_received": {
            "count": 38487360,
            "rate": 182717.94512317688
        },
        "vus": {
            "value": 6,
            "min": 1,
            "max": 300
        },
        "data_sent": {
            "count": 3925440,
            "rate": 18635.94516496646
        },
        "iterations": {
            "count": 45120,
            "rate": 214.20626626398226
        },
        "http_req_waiting": {
            "min": 0.038611,
            "med": 0.42779100000000003,
            "max": 6.157839,
            "p(90)": 0.6325147999999999,
            "p(95)": 0.7302170999999997,
            "avg": 0.40999665241578526
        },
        "http_req_sending": {
            "p(95)": 0.04231419999999998,
            "avg": 0.02708528065159576,
            "min": 0.003098,
            "med": 0.0285,
            "max": 2.386809,
            "p(90)": 0.0379211
        },
        "http_reqs": {
            "count": 45120,
            "rate": 214.20626626398226
        },
        "http_req_duration": {
            "avg": 0.5252867274822689,
            "min": 0.0537,
            "med": 0.5694954999999999,
            "max": 6.500047,
            "p(90)": 0.7794854999999999,
            "p(95)": 0.8808508999999995,
            "thresholds": {
                "p(95)<500": false
            }
        },
        "http_req_blocked": {
            "p(95)": 0.015936049999999993,
            "avg": 0.013461169414893656,
            "min": 0.001122,
            "med": 0.011086,
            "max": 20.130882,
            "p(90)": 0.014685
        },
        "http_req_duration{expected_response:true}": {
            "max": 6.500047,
            "p(90)": 0.7794854999999999,
            "p(95)": 0.8808508999999995,
            "avg": 0.5252867274822689,
            "min": 0.0537,
            "med": 0.5694954999999999
        },
        "http_req_receiving": {
            "avg": 0.08820479441489318,
            "min": 0.007114,
            "med": 0.0975855,
            "max": 3.800304,
            "p(90)": 0.1316402,
            "p(95)": 0.14378905
        },
        "http_req_tls_handshaking": {
            "avg": 0,
            "min": 0,
            "med": 0,
            "max": 0,
            "p(90)": 0,
            "p(95)": 0
        },
        "iteration_duration": {
            "p(90)": 1001.9768819000001,
            "p(95)": 1002.13805605,
            "avg": 1001.3580089425731,
            "min": 1000.105141,
            "med": 1001.337166,
            "max": 1022.041283
        },
        "http_req_failed": {
            "passes": 0,
            "fails": 45120,
            "thresholds": {
                "rate<0.01": false
            },
            "value": 0
        },
        "http_req_connecting": {
            "p(90)": 0,
            "p(95)": 0,
            "avg": 0.0028425156250000004,
            "min": 0,
            "med": 0,
            "max": 19.980232
        }
    }
}