{
    "metrics": {
        "http_req_duration{expected_response:true}": {
            "avg": 0.5173032102693823,
            "min": 0.053247,
            "med": 0.5889964999999999,
            "max": 4.349077,
            "p(90)": 0.736089,
            "p(95)": 0.7957205
        },
        "http_req_connecting": {
            "med": 0,
            "max": 18.340005,
            "p(90)": 0,
            "p(95)": 0,
            "avg": 0.0030684588253335385,
            "min": 0
        },
        "http_req_waiting": {
            "p(90)": 0.585639,
            "p(95)": 0.6521710000000001,
            "avg": 0.4016726080611296,
            "min": 0.040094,
            "med": 0.4439245,
            "max": 4.235601
        },
        "http_req_duration": {
            "p(90)": 0.736089,
            "p(95)": 0.7957205,
            "avg": 0.5173032102693823,
            "min": 0.053247,
            "med": 0.5889964999999999,
            "max": 4.349077,
            "thresholds": {
                "p(95)<500": false
            }
        },
        "http_req_tls_handshaking": {
            "p(95)": 0,
            "avg": 0,
            "min": 0,
            "med": 0,
            "max": 0,
            "p(90)": 0
        },
        "vus": {
            "value": 1,
            "min": 1,
            "max": 300
        },
        "http_req_failed": {
            "passes": 0,
            "fails": 39126,
            "thresholds": {
                "rate<0.01": false
            },
            "value": 0
        },
        "http_reqs": {
            "count": 39126,
            "rate": 130.22158911458695
        },
        "data_sent": {
            "count": 3403962,
            "rate": 11329.278252969065
        },
        "http_req_sending": {
            "p(95)": 0.0430585,
            "avg": 0.02704001280478478,
            "min": 0.003137,
            "med": 0.029507,
            "max": 0.479372,
            "p(90)": 0.0388065
        },
        "http_req_receiving": {
            "avg": 0.088590589403466,
            "min": 0.007558,
            "med": 0.102257,
            "max": 1.02285,
            "p(90)": 0.133651,
            "p(95)": 0.14482675
        },
        "http_req_blocked": {
            "min": 0.00111,
            "med": 0.011512,
            "max": 18.383628,
            "p(90)": 0.014745,
            "p(95)": 0.01625,
            "avg": 0.013955357383836898
        },
        "vus_max": {
            "value": 300,
            "min": 300,
            "max": 300
        },
        "data_received": {
            "count": 33374478,
            "rate": 111079.01551474267
        },
        "iterations": {
            "count": 39126,
            "rate": 130.22158911458695
        },
        "iteration_duration": {
            "max": 1019.404484,
            "p(90)": 1001.9562355,
            "p(95)": 1002.08401275,
            "avg": 1001.3667150145662,
            "min": 1000.118349,
            "med": 1001.371546
        }
    },
    "root_group": {
        "checks": {},
        "name": "",
        "path": "",
        "id": "d41d8cd98f00b204e9800998ecf8427e",
        "groups": {}
    }
}