{
    "metrics": {
        "http_reqs": {
            "rate": 130.23179441099563,
            "count": 39126
        },
        "http_req_waiting": {
            "avg": 0.3936102818841641,
            "min": 0.03995,
            "med": 0.4381065,
            "max": 4.543673,
            "p(90)": 0.575931,
            "p(95)": 0.63086475
        },
        "iteration_duration": {
            "min": 1000.112652,
            "med": 1001.342525,
            "max": 1015.010659,
            "p(90)": 1001.9435255000001,
            "p(95)": 1002.0673485,
            "avg": 1001.3444391399314
        },
        "http_req_blocked": {
            "med": 0.011560500000000001,
            "max": 14.041756,
            "p(90)": 0.014741,
            "p(95)": 0.016164,
            "avg": 0.01411383481572364,
            "min": 0.001105
        },
        "http_req_failed": {
            "passes": 0,
            "fails": 39126,
            "thresholds": {
                "rate<0.01": false
            },
            "value": 0
        },
        "iterations": {
            "count": 39126,
            "rate": 130.23179441099563
        },
        "http_req_duration": {
            "max": 4.614219,
            "p(90)": 0.727087,
            "p(95)": 0.7756985000000001,
            "avg": 0.5080595061084696,
            "min": 0.056857,
            "med": 0.581491,
            "thresholds": {
                "p(95)<500": false
            }
        },
        "http_req_connecting": {
            "max": 13.977547,
            "p(90)": 0,
            "p(95)": 0,
            "avg": 0.0031942929254204343,
            "min": 0,
            "med": 0
        },
        "http_req_receiving": {
            "avg": 0.08728274845371335,
            "min": 0.007164,
            "med": 0.100843,
            "max": 1.907933,
            "p(90)": 0.132694,
            "p(95)": 0.14378950000000001
        },
        "http_req_sending": {
            "avg": 0.027166475770587173,
            "min": 0.00328,
            "med": 0.0297835,
            "max": 0.432483,
            "p(90)": 0.0391525,
            "p(95)": 0.04353775
        },
        "vus": {
            "value": 1,
            "min": 1,
            "max": 300
        },
        "vus_max": {
            "value": 300,
            "min": 300,
            "max": 300
        },
        "data_sent": {
            "count": 3403962,
            "rate": 11330.166113756619
        },
        "http_req_duration{expected_response:true}": {
            "avg": 0.5080595061084696,
            "min": 0.056857,
            "med": 0.581491,
            "max": 4.614219,
            "p(90)": 0.727087,
            "p(95)": 0.7756985000000001
        },
        "http_req_tls_handshaking": {
            "avg": 0,
            "min": 0,
            "med": 0,
            "max": 0,
            "p(90)": 0,
            "p(95)": 0
        },
        "data_received": {
            "count": 33374478,
            "rate": 111087.72063257926
        }
    },
    "root_group": {
        "groups": {},
        "checks": {},
        "name": "",
        "path": "",
        "id": "d41d8cd98f00b204e9800998ecf8427e"
    }
}