{
    "root_group": {
        "groups": {},
        "checks": {},
        "name": "",
        "path": "",
        "id": "d41d8cd98f00b204e9800998ecf8427e"
    },
    "metrics": {
        "http_req_connecting": {
            "p(90)": 0,
            "p(95)": 0,
            "avg": 0.003230305704646527,
            "min": 0,
            "med": 0,
            "max": 18.471461
        },
        "http_req_waiting": {
            "avg": 0.4168467733732025,
            "min": 0.039779,
            "med": 0.44764800000000005,
            "max": 6.149805,
            "p(90)": 0.6440535000000001,
            "p(95)": 0.718976
        },
        "vus_max": {
            "min": 300,
            "max": 300,
            "value": 300
        },
        "http_req_tls_handshaking": {
            "avg": 0,
            "min": 0,
            "med": 0,
            "max": 0,
            "p(90)": 0,
            "p(95)": 0
        },
        "vus": {
            "value": 1,
            "min": 1,
            "max": 300
        },
        "iteration_duration": {
            "avg": 1001.349324832715,
            "min": 1000.104659,
            "med": 1001.349099,
            "max": 1019.303764,
            "p(90)": 1001.9455745,
            "p(95)": 1002.07130125
        },
        "iterations": {
            "count": 39126,
            "rate": 130.2316271787072
        },
        "http_reqs": {
            "count": 39126,
            "rate": 130.2316271787072
        },
        "http_req_sending": {
            "avg": 0.02728993490262211,
            "min": 0.003251,
            "med": 0.029367499999999998,
            "max": 1.380086,
            "p(90)": 0.038573,
            "p(95)": 0.04303675
        },
        "http_req_receiving": {
            "avg": 0.08684250140571514,
            "min": 0.007235,
            "med": 0.0998385,
            "max": 2.077479,
            "p(90)": 0.130874,
            "p(95)": 0.14255925
        },
        "data_received": {
            "count": 33374478,
            "rate": 111087.57798343724
        },
        "http_req_blocked": {
            "avg": 0.014089941113326239,
            "min": 0.001139,
            "med": 0.011425,
            "max": 18.522633,
            "p(90)": 0.01454,
            "p(95)": 0.016039
        },
        "data_sent": {
            "count": 3403962,
            "rate": 11330.151564547527
        },
        "http_req_duration": {
            "min": 0.057271,
            "med": 0.590469,
            "max": 7.69159,
            "p(90)": 0.7836380000000001,
            "p(95)": 0.8615649999999999,
            "avg": 0.5309792096815363,
            "thresholds": {
                "p(95)<500": false
            }
        },
        "http_req_duration{expected_response:true}": {
            "med": 0.590469,
            "max": 7.69159,
            "p(90)": 0.7836380000000001,
            "p(95)": 0.8615649999999999,
            "avg": 0.5309792096815363,
            "min": 0.057271
        },
        "http_req_failed": {
            "passes": 0,
            "fails": 39126,
            "thresholds": {
                "rate<0.01": false
            },
            "value": 0
        }
    }
}