{
    "root_group": {
        "groups": {},
        "checks": {},
        "name": "",
        "path": "",
        "id": "d41d8cd98f00b204e9800998ecf8427e"
    },
    "metrics": {
        "vus_max": {
            "value": 300,
            "min": 300,
            "max": 300
        },
        "http_req_waiting": {
            "p(90)": 0.658999,
            "p(95)": 0.7293040000000001,
            "avg": 0.4298324492920312,
            "min": 0.040404,
            "med": 0.45530099999999996,
            "max": 5.983728
        },
        "data_received": {
            "count": 33374478,
            "rate": 111082.58055844609
        },
        "http_req_duration{expected_response:true}": {
            "min": 0.056678,
            "med": 0.600484,
            "max": 6.689766,
            "p(90)": 0.7986219999999999,
            "p(95)": 0.86965,
            "avg": 0.5482283704697651
        },
        "http_req_receiving": {
            "med": 0.100977,
            "max": 3.39683,
            "p(90)": 0.1319125,
            "p(95)": 0.14324775,
            "avg": 0.09020633923733545,
            "min": 0.007227
        },
        "http_reqs": {
            "count": 39126,
            "rate": 130.22576853276212
        },
        "http_req_failed": {
            "passes": 0,
            "fails": 39126,
            "thresholds": {
                "rate<0.01": false
            },
            "value": 0
        },
        "http_req_connecting": {
            "p(90)": 0,
            "p(95)": 0,
            "avg": 0.0032482033430455445,
            "min": 0,
            "med": 0,
            "max": 21.06892
        },
        "data_sent": {
            "count": 3403962,
            "rate": 11329.641862350305
        },
        "iterations": {
            "count": 39126,
            "rate": 130.22576853276212
        },
        "http_req_duration": {
            "avg": 0.5482283704697651,
            "min": 0.056678,
            "med": 0.600484,
            "max": 6.689766,
            "p(90)": 0.7986219999999999,
            "p(95)": 0.86965,
            "thresholds": {
                "p(95)<500": false
            }
        },
        "vus": {
            "min": 1,
            "max": 300,
            "value": 1
        },
        "http_req_blocked": {
            "min": 0.001118,
            "med": 0.011597,
            "max": 21.111585,
            "p(90)": 0.014696,
            "p(95)": 0.01615275,
            "avg": 0.014474069263405552
        },
        "http_req_tls_handshaking": {
            "max": 0,
            "p(90)": 0,
            "p(95)": 0,
            "avg": 0,
            "min": 0,
            "med": 0
        },
        "iteration_duration": {
            "avg": 1001.3760481868304,
            "min": 1000.116789,
            "med": 1001.3783659999999,
            "max": 1022.627723,
            "p(90)": 1001.951116,
            "p(95)": 1002.07143325
        },
        "http_req_sending": {
            "med": 0.029964499999999998,
            "max": 0.866293,
            "p(90)": 0.0389435,
            "p(95)": 0.043256499999999996,
            "avg": 0.02818958194039769,
            "min": 0.003206
        }
    }
}