{
    "metrics": {
        "vus": {
            "value": 1,
            "min": 1,
            "max": 300
        },
        "data_sent": {
            "count": 3403875,
            "rate": 11330.2442683823
        },
        "vus_max": {
            "value": 300,
            "min": 300,
            "max": 300
        },
        "http_req_tls_handshaking": {
            "p(90)": 0,
            "p(95)": 0,
            "avg": 0,
            "min": 0,
            "med": 0,
            "max": 0
        },
        "http_req_failed": {
            "passes": 0,
            "fails": 39125,
            "thresholds": {
                "rate<0.01": false
            },
            "value": 0
        },
        "http_req_waiting": {
            "min": 0.038037,
            "med": 0.438946,
            "max": 6.176143,
            "p(90)": 0.5770644,
            "p(95)": 0.6368169999999999,
            "avg": 0.3917775713226858
        },
        "iteration_duration": {
            "max": 1022.754946,
            "p(90)": 1001.9447216,
            "p(95)": 1002.0679682,
            "avg": 1001.338978131372,
            "min": 1000.140714,
            "med": 1001.337934
        },
        "http_req_blocked": {
            "avg": 0.013831461853035213,
            "min": 0.001225,
            "med": 0.011498,
            "max": 20.814154,
            "p(90)": 0.014678599999999998,
            "p(95)": 0.01613
        },
        "iterations": {
            "count": 39125,
            "rate": 130.2326927400264
        },
        "http_reqs": {
            "count": 39125,
            "rate": 130.2326927400264
        },
        "http_req_duration{expected_response:true}": {
            "p(95)": 0.7842129999999999,
            "avg": 0.5055451598977613,
            "min": 0.056903,
            "med": 0.582367,
            "max": 6.270324,
            "p(90)": 0.7299684
        },
        "http_req_duration": {
            "avg": 0.5055451598977613,
            "min": 0.056903,
            "med": 0.582367,
            "max": 6.270324,
            "p(90)": 0.7299684,
            "p(95)": 0.7842129999999999,
            "thresholds": {
                "p(95)<500": false
            }
        },
        "data_received": {
            "count": 33373625,
            "rate": 111088.48690724254
        },
        "http_req_connecting": {
            "p(95)": 0,
            "avg": 0.003143101648562297,
            "min": 0,
            "med": 0,
            "max": 20.684421,
            "p(90)": 0
        },
        "http_req_sending": {
            "p(90)": 0.0389572,
            "p(95)": 0.04316639999999999,
            "avg": 0.026786854977635853,
            "min": 0.003221,
            "med": 0.029665,
            "max": 0.858839
        },
        "http_req_receiving": {
            "med": 0.10077,
            "max": 1.417387,
            "p(90)": 0.13358799999999998,
            "p(95)": 0.1446824,
            "avg": 0.08698073359744446,
            "min": 0.006778
        }
    },
    "root_group": {
        "path": "",
        "id": "d41d8cd98f00b204e9800998ecf8427e",
        "groups": {},
        "checks": {},
        "name": ""
    }
}