{
    "root_group": {
        "groups": {},
        "checks": {},
        "name": "",
        "path": "",
        "id": "d41d8cd98f00b204e9800998ecf8427e"
    },
    "metrics": {
        "http_req_receiving": {
            "max": 1.446934,
            "p(90)": 0.133067,
            "p(95)": 0.14436274999999998,
            "avg": 0.08505865202167362,
            "min": 0.007197,
            "med": 0.099855
        },
        "iteration_duration": {
            "avg": 1001.3317530203875,
            "min": 1000.116312,
            "med": 1001.318843,
            "max": 1027.872123,
            "p(90)": 1001.941998,
            "p(95)": 1002.0699527500001
        },
        "http_req_connecting": {
            "min": 0,
            "med": 0,
            "max": 25.85692,
            "p(90)": 0,
            "p(95)": 0,
            "avg": 0.0032486375811480853
        },
        "http_req_duration{expected_response:true}": {
            "avg": 0.5001366862188823,
            "min": 0.05778,
            "med": 0.5792845,
            "max": 12.904465,
            "p(90)": 0.7289175,
            "p(95)": 0.7798259999999999
        },
        "http_req_tls_handshaking": {
            "med": 0,
            "max": 0,
            "p(90)": 0,
            "p(95)": 0,
            "avg": 0,
            "min": 0
        },
        "http_req_waiting": {
            "med": 0.43638350000000004,
            "max": 12.001331,
            "p(90)": 0.5754935,
            "p(95)": 0.6321647499999999,
            "avg": 0.38895632727598006,
            "min": 0.04034
        },
        "data_received": {
            "count": 33374478,
            "rate": 111090.17551528265
        },
        "http_reqs": {
            "count": 39126,
            "rate": 130.23467235085892
        },
        "http_req_blocked": {
            "p(95)": 0.016076,
            "avg": 0.013758488728722654,
            "min": 0.001094,
            "med": 0.0113645,
            "max": 25.923577,
            "p(90)": 0.01462
        },
        "vus_max": {
            "value": 300,
            "min": 300,
            "max": 300
        },
        "http_req_sending": {
            "med": 0.029143,
            "max": 1.057953,
            "p(90)": 0.038565,
            "p(95)": 0.043083,
            "avg": 0.026121706921228897,
            "min": 0.003197
        },
        "iterations": {
            "count": 39126,
            "rate": 130.23467235085892
        },
        "http_req_duration": {
            "p(95)": 0.7798259999999999,
            "avg": 0.5001366862188823,
            "min": 0.05778,
            "med": 0.5792845,
            "max": 12.904465,
            "p(90)": 0.7289175,
            "thresholds": {
                "p(95)<500": false
            }
        },
        "data_sent": {
            "count": 3403962,
            "rate": 11330.416494524727
        },
        "http_req_failed": {
            "passes": 0,
            "fails": 39126,
            "thresholds": {
                "rate<0.01": false
            },
            "value": 0
        },
        "vus": {
            "min": 1,
            "max": 300,
            "value": 1
        }
    }
}