{
    "root_group": {
        "path": "",
        "id": "d41d8cd98f00b204e9800998ecf8427e",
        "groups": {},
        "checks": {},
        "name": ""
    },
    "metrics": {
        "http_req_connecting": {
            "min": 0,
            "med": 0,
            "max": 0.394101,
            "p(90)": 0,
            "p(95)": 0,
            "avg": 0.0014325979265269327
        },
        "data_received": {
            "count": 893244,
            "rate": 2122.17784478952
        },
        "http_req_blocked": {
            "avg": 0.012792442416046854,
            "min": 0.001295,
            "med": 0.012274,
            "max": 0.583098,
            "p(90)": 0.0144882,
            "p(95)": 0.016389799999999996
        },
        "data_sent": {
            "count": 439263,
            "rate": 1043.6053381111756
        },
        "http_req_sending": {
            "avg": 0.0316520858688303,
            "min": 0.00382,
            "med": 0.03445,
            "max": 0.853941,
            "p(90)": 0.0441322,
            "p(95)": 0.0494772
        },
        "http_req_failed": {
            "passes": 0,
            "fails": 4437,
            "thresholds": {
                "rate<0.01": false
            },
            "value": 0
        },
        "http_req_receiving": {
            "avg": 0.047967047554654085,
            "min": 0.007593,
            "med": 0.032028,
            "max": 0.316662,
            "p(90)": 0.106845,
            "p(95)": 0.12076279999999998
        },
        "http_reqs": {
            "count": 4437,
            "rate": 10.541468061729045
        },
        "http_req_tls_handshaking": {
            "med": 0,
            "max": 0,
            "p(90)": 0,
            "p(95)": 0,
            "avg": 0,
            "min": 0
        },
        "http_req_waiting": {
            "p(90)": 14.622889200000001,
            "p(95)": 19.1796002,
            "avg": 9.169754119900848,
            "min": 1.863252,
            "med": 7.789322,
            "max": 74.853076
        },
        "vus": {
            "min": 1,
            "max": 20,
            "value": 1
        },
        "vus_max": {
            "value": 20,
            "min": 20,
            "max": 20
        },
        "iterations": {
            "count": 4437,
            "rate": 10.541468061729045
        },
        "http_req_duration": {
            "min": 1.881602,
            "med": 7.869606,
            "max": 74.906646,
            "p(90)": 14.679551000000002,
            "p(95)": 19.235285599999994,
            "avg": 9.249373253324315,
            "thresholds": {
                "p(95)<500": false
            }
        },
        "iteration_duration": {
            "avg": 1010.0157903482109,
            "min": 1002.071216,
            "med": 1008.810456,
            "max": 1076.156102,
            "p(90)": 1015.4733648,
            "p(95)": 1019.9437654000001
        },
        "http_req_duration{expected_response:true}": {
            "p(90)": 14.679551000000002,
            "p(95)": 19.235285599999994,
            "avg": 9.249373253324315,
            "min": 1.881602,
            "med": 7.869606,
            "max": 74.906646
        }
    }
}