{
    "metrics": {
        "http_req_connecting": {
            "max": 0.428553,
            "p(90)": 0,
            "p(95)": 0,
            "avg": 0.0010732907737423865,
            "min": 0,
            "med": 0
        },
        "http_req_tls_handshaking": {
            "p(95)": 0,
            "avg": 0,
            "min": 0,
            "med": 0,
            "max": 0,
            "p(90)": 0
        },
        "iteration_duration": {
            "p(95)": 1021.9238014,
            "avg": 1010.4149801360261,
            "min": 1002.044236,
            "med": 1009.110916,
            "max": 1044.130801,
            "p(90)": 1018.0494814
        },
        "data_sent": {
            "count": 438867,
            "rate": 1044.4776195960335
        },
        "data_received": {
            "count": 892286,
            "rate": 2123.5881423731253
        },
        "vus_max": {
            "value": 20,
            "min": 20,
            "max": 20
        },
        "http_req_duration": {
            "p(95)": 21.10014879999999,
            "avg": 9.641374944507097,
            "min": 1.880661,
            "med": 8.201431,
            "max": 43.303121,
            "p(90)": 17.4151176,
            "thresholds": {
                "p(95)<500": false
            }
        },
        "http_reqs": {
            "rate": 10.550278985818519,
            "count": 4433
        },
        "http_req_sending": {
            "med": 0.034989,
            "max": 0.719485,
            "p(90)": 0.044970600000000006,
            "p(95)": 0.050424199999999995,
            "avg": 0.0338738335213174,
            "min": 0.004078
        },
        "http_req_waiting": {
            "avg": 9.559587309948153,
            "min": 1.858006,
            "med": 8.13989,
            "max": 43.254768,
            "p(90)": 17.3055242,
            "p(95)": 20.983354
        },
        "http_req_failed": {
            "passes": 0,
            "fails": 4433,
            "thresholds": {
                "rate<0.01": false
            },
            "value": 0
        },
        "http_req_blocked": {
            "p(90)": 0.0148988,
            "p(95)": 0.0165804,
            "avg": 0.013056253778479564,
            "min": 0.001341,
            "med": 0.012167,
            "max": 0.562654
        },
        "http_req_receiving": {
            "avg": 0.04791380103767197,
            "min": 0.007492,
            "med": 0.032301,
            "max": 0.317178,
            "p(90)": 0.1074648,
            "p(95)": 0.12239979999999996
        },
        "http_req_duration{expected_response:true}": {
            "avg": 9.641374944507097,
            "min": 1.880661,
            "med": 8.201431,
            "max": 43.303121,
            "p(90)": 17.4151176,
            "p(95)": 21.10014879999999
        },
        "iterations": {
            "count": 4433,
            "rate": 10.550278985818519
        },
        "vus": {
            "value": 1,
            "min": 1,
            "max": 20
        }
    },
    "root_group": {
        "name": "",
        "path": "",
        "id": "d41d8cd98f00b204e9800998ecf8427e",
        "groups": {},
        "checks": {}
    }
}