{
    "metrics": {
        "http_req_sending": {
            "p(95)": 0.04907959999999998,
            "avg": 0.03288105323708549,
            "min": 0.003454,
            "med": 0.035073,
            "max": 0.919595,
            "p(90)": 0.0446106
        },
        "http_req_tls_handshaking": {
            "avg": 0,
            "min": 0,
            "med": 0,
            "max": 0,
            "p(90)": 0,
            "p(95)": 0
        },
        "http_req_duration{expected_response:true}": {
            "avg": 9.427306473494257,
            "min": 1.905002,
            "med": 7.898411,
            "max": 54.968551,
            "p(90)": 17.152407200000003,
            "p(95)": 21.35582359999999
        },
        "http_req_receiving": {
            "med": 0.03199,
            "max": 0.21723,
            "p(90)": 0.1065372,
            "p(95)": 0.1187765999999999,
            "avg": 0.047649943379201316,
            "min": 0.007029
        },
        "iteration_duration": {
            "avg": 1010.1880924292814,
            "min": 1002.048318,
            "med": 1008.841556,
            "max": 1055.16484,
            "p(90)": 1017.7749674,
            "p(95)": 1022.1046898
        },
        "http_reqs": {
            "count": 4433,
            "rate": 10.533332182143646
        },
        "http_req_blocked": {
            "p(95)": 0.016506999999999997,
            "avg": 0.013184754568012661,
            "min": 0.001272,
            "med": 0.012273,
            "max": 0.611767,
            "p(90)": 0.014714200000000002
        },
        "http_req_duration": {
            "p(95)": 21.35582359999999,
            "avg": 9.427306473494257,
            "min": 1.905002,
            "med": 7.898411,
            "max": 54.968551,
            "p(90)": 17.152407200000003,
            "thresholds": {
                "p(95)<500": false
            }
        },
        "http_req_connecting": {
            "p(95)": 0,
            "avg": 0.0015520852695691408,
            "min": 0,
            "med": 0,
            "max": 0.430846,
            "p(90)": 0
        },
        "vus": {
            "value": 1,
            "min": 1,
            "max": 20
        },
        "data_sent": {
            "count": 438867,
            "rate": 1042.799886032221
        },
        "iterations": {
            "count": 4433,
            "rate": 10.533332182143646
        },
        "http_req_failed": {
            "passes": 0,
            "fails": 4433,
            "thresholds": {
                "rate<0.01": false
            },
            "value": 0
        },
        "http_req_waiting": {
            "avg": 9.346775476877973,
            "min": 1.854398,
            "med": 7.820967,
            "max": 54.926961,
            "p(90)": 17.081957200000005,
            "p(95)": 21.27406459999999
        },
        "vus_max": {
            "value": 20,
            "min": 20,
            "max": 20
        },
        "data_received": {
            "count": 892371,
            "rate": 2120.3790148233043
        }
    },
    "root_group": {
        "name": "",
        "path": "",
        "id": "d41d8cd98f00b204e9800998ecf8427e",
        "groups": {},
        "checks": {}
    }
}