{
    "root_group": {
        "name": "",
        "path": "",
        "id": "d41d8cd98f00b204e9800998ecf8427e",
        "groups": {},
        "checks": {}
    },
    "metrics": {
        "vus_max": {
            "value": 20,
            "min": 20,
            "max": 20
        },
        "http_req_blocked": {
            "min": 0.001364,
            "med": 0.01239,
            "max": 1.039845,
            "p(90)": 0.014858,
            "p(95)": 0.016938500000000002,
            "avg": 0.013487312344843138
        },
        "vus": {
            "value": 1,
            "min": 1,
            "max": 20
        },
        "iterations": {
            "count": 4431,
            "rate": 10.54303407969654
        },
        "data_sent": {
            "count": 438669,
            "rate": 1043.7603738899575
        },
        "http_req_tls_handshaking": {
            "min": 0,
            "med": 0,
            "max": 0,
            "p(90)": 0,
            "p(95)": 0,
            "avg": 0
        },
        "http_reqs": {
            "count": 4431,
            "rate": 10.54303407969654
        },
        "data_received": {
            "count": 891778,
            "rate": 2121.878999215441
        },
        "http_req_duration": {
            "med": 7.963189,
            "max": 97.253144,
            "p(90)": 15.984599,
            "p(95)": 22.101311,
            "avg": 9.541440984879276,
            "min": 1.87993,
            "thresholds": {
                "p(95)<500": false
            }
        },
        "http_req_connecting": {
            "p(95)": 0,
            "avg": 0.00141949266531257,
            "min": 0,
            "med": 0,
            "max": 0.403178,
            "p(90)": 0
        },
        "iteration_duration": {
            "avg": 1010.3153602421597,
            "min": 1001.993268,
            "med": 1008.914895,
            "max": 1097.734803,
            "p(90)": 1016.65531,
            "p(95)": 1022.6789974999999
        },
        "http_req_duration{expected_response:true}": {
            "p(90)": 15.984599,
            "p(95)": 22.101311,
            "avg": 9.541440984879276,
            "min": 1.87993,
            "med": 7.963189,
            "max": 97.253144
        },
        "http_req_failed": {
            "passes": 0,
            "fails": 4431,
            "thresholds": {
                "rate<0.01": false
            },
            "value": 0
        },
        "http_req_receiving": {
            "avg": 0.05143965786504183,
            "min": 0.007294,
            "med": 0.036296,
            "max": 0.382928,
            "p(90)": 0.11045,
            "p(95)": 0.12257399999999999
        },
        "http_req_sending": {
            "min": 0.003806,
            "med": 0.035483,
            "max": 0.790281,
            "p(90)": 0.044963,
            "p(95)": 0.049216,
            "avg": 0.03379070728955087
        },
        "http_req_waiting": {
            "med": 7.877233,
            "max": 97.124837,
            "p(90)": 15.926226,
            "p(95)": 21.965895,
            "avg": 9.456210619724677,
            "min": 1.849764
        }
    }
}