{
    "metrics": {
        "iteration_duration": {
            "avg": 1001.3264381195169,
            "min": 1000.133206,
            "med": 1001.326582,
            "max": 1037.740422,
            "p(90)": 1001.9256315,
            "p(95)": 1002.03678565
        },
        "http_req_blocked": {
            "avg": 0.013549403356282462,
            "min": 0.00116,
            "med": 0.011488,
            "max": 36.446668,
            "p(90)": 0.014550099999999998,
            "p(95)": 0.016153
        },
        "http_req_receiving": {
            "p(95)": 0.14459994999999992,
            "avg": 0.08566236549053426,
            "min": 0.006906,
            "med": 0.101819,
            "max": 1.986008,
            "p(90)": 0.1334471
        },
        "http_req_duration{expected_response:true}": {
            "min": 0.060434,
            "med": 0.5822324999999999,
            "max": 7.516441,
            "p(90)": 0.7110299,
            "p(95)": 0.7429152999999998,
            "avg": 0.49122479305076877
        },
        "vus_max": {
            "value": 300,
            "min": 300,
            "max": 300
        },
        "http_req_connecting": {
            "p(90)": 0,
            "p(95)": 0,
            "avg": 0.003049779410499139,
            "min": 0,
            "med": 0,
            "max": 36.285515
        },
        "http_req_waiting": {
            "min": 0.040763,
            "med": 0.4394365,
            "max": 7.406702,
            "p(90)": 0.5544438,
            "p(95)": 0.5870063999999999,
            "avg": 0.3792217057013776
        },
        "data_sent": {
            "count": 4043760,
            "rate": 10353.195686119638
        },
        "http_req_duration": {
            "min": 0.060434,
            "med": 0.5822324999999999,
            "max": 7.516441,
            "p(90)": 0.7110299,
            "p(95)": 0.7429152999999998,
            "avg": 0.49122479305076877,
            "thresholds": {
                "p(95)<500": false
            }
        },
        "http_req_failed": {
            "passes": 0,
            "fails": 46480,
            "thresholds": {
                "rate<0.01": false
            },
            "value": 0
        },
        "data_received": {
            "count": 39647440,
            "rate": 101508.91862367875
        },
        "http_req_sending": {
            "avg": 0.0263407218588641,
            "min": 0.003169,
            "med": 0.029449,
            "max": 1.050367,
            "p(90)": 0.040192099999999994,
            "p(95)": 0.04356414999999999
        },
        "http_reqs": {
            "count": 46480,
            "rate": 119.00224926574296
        },
        "http_req_tls_handshaking": {
            "p(90)": 0,
            "p(95)": 0,
            "avg": 0,
            "min": 0,
            "med": 0,
            "max": 0
        },
        "iterations": {
            "count": 46480,
            "rate": 119.00224926574296
        },
        "vus": {
            "value": 6,
            "min": 1,
            "max": 299
        }
    },
    "root_group": {
        "name": "",
        "path": "",
        "id": "d41d8cd98f00b204e9800998ecf8427e",
        "groups": {},
        "checks": {}
    }
}