{
    "metrics": {
        "http_req_failed": {
            "passes": 0,
            "fails": 46479,
            "thresholds": {
                "rate<0.01": false
            },
            "value": 0
        },
        "http_req_waiting": {
            "avg": 0.3877818637449191,
            "min": 0.041972,
            "med": 0.444105,
            "max": 6.002276,
            "p(90)": 0.5554934,
            "p(95)": 0.5878296
        },
        "http_req_sending": {
            "med": 0.030221,
            "max": 1.131491,
            "p(90)": 0.04115540000000001,
            "p(95)": 0.0441631,
            "avg": 0.027403105144258713,
            "min": 0.003057
        },
        "http_req_connecting": {
            "avg": 0.0026938307192495544,
            "min": 0,
            "med": 0,
            "max": 27.278478,
            "p(90)": 0,
            "p(95)": 0
        },
        "http_req_blocked": {
            "avg": 0.01348635841993174,
            "min": 0.001046,
            "med": 0.011714,
            "max": 27.347724,
            "p(90)": 0.0147,
            "p(95)": 0.016208
        },
        "iteration_duration": {
            "med": 1001.353947,
            "max": 1029.058995,
            "p(90)": 1001.9378996,
            "p(95)": 1002.0505957,
            "avg": 1001.3494330548876,
            "min": 1000.134165
        },
        "iterations": {
            "count": 46479,
            "rate": 119.00770158125961
        },
        "http_req_receiving": {
            "p(95)": 0.14585769999999998,
            "avg": 0.08802604972138005,
            "min": 0.007464,
            "med": 0.103296,
            "max": 3.268054,
            "p(90)": 0.1336872
        },
        "http_reqs": {
            "count": 46479,
            "rate": 119.00770158125961
        },
        "data_received": {
            "count": 39646587,
            "rate": 101513.56944881445
        },
        "http_req_tls_handshaking": {
            "avg": 0,
            "min": 0,
            "med": 0,
            "max": 0,
            "p(90)": 0,
            "p(95)": 0
        },
        "vus": {
            "value": 6,
            "min": 1,
            "max": 299
        },
        "vus_max": {
            "min": 300,
            "max": 300,
            "value": 300
        },
        "http_req_duration{expected_response:true}": {
            "avg": 0.5032110186105561,
            "min": 0.056156,
            "med": 0.587742,
            "max": 6.10037,
            "p(90)": 0.7132508000000001,
            "p(95)": 0.744
        },
        "data_sent": {
            "count": 4043673,
            "rate": 10353.670037569585
        },
        "http_req_duration": {
            "med": 0.587742,
            "max": 6.10037,
            "p(90)": 0.7132508000000001,
            "p(95)": 0.744,
            "avg": 0.5032110186105561,
            "min": 0.056156,
            "thresholds": {
                "p(95)<500": false
            }
        }
    },
    "root_group": {
        "name": "",
        "path": "",
        "id": "d41d8cd98f00b204e9800998ecf8427e",
        "groups": {},
        "checks": {}
    }
}